Club,Name,Cor,Cro,Dri,Fin,Fir,Fre,Hea,Lon,L Th,Pas,Pen,Tck,Tec,Agg,Ant,Bra,Cmp,Cnt,Dec,Det,Fla,Ldr,OtB,Pos,Tea,Vis,Wor,Acc,Agi,Bal,Jum,Pac,Nat,Sta,Str,Photo,ClubBadge
Arsenal,Cedric,12,12,12,7,13,12,8,9,12,12,11,14,13,14,13,14,13,13,13,14,12,10,12,14,14,12,14,13,14,15,8,13,14,13,9,photos\Cedric.png,photos\Arsenal.png
Arsenal,Mohamed Elneny,8,7,11,8,14,8,12,14,8,13,12,15,14,12,14,15,14,14,14,14,8,11,11,13,18,12,16,12,12,15,13,12,18,16,15,photos/placeholder.png,photos\Arsenal.png
Arsenal,Gabriel,4,7,10,6,12,4,17,6,7,13,7,16,13,16,14,16,12,13,14,13,8,11,9,15,16,13,14,13,13,14,17,15,13,16,17,photos/placeholder.png,photos\Arsenal.png
Arsenal,Gabriel Jesus,8,12,16,14,15,11,15,12,4,14,13,8,16,14,16,14,14,14,15,15,16,12,16,10,18,14,18,15,16,15,10,15,15,15,14,photos/placeholder.png,photos\Arsenal.png
Arsenal,Kai Havertz,10,10,14,11,17,11,14,11,8,16,13,10,17,11,15,11,11,10,14,10,15,7,15,11,15,15,13,14,13,13,14,14,16,15,13,photos/placeholder.png,photos\Arsenal.png
Arsenal,Jorginho,11,12,12,8,17,11,7,9,2,16,15,14,16,10,17,14,16,14,16,15,13,14,15,14,17,16,15,11,14,14,9,12,12,14,9,photos/placeholder.png,photos\Arsenal.png
Arsenal,Jakub Kiwior,7,11,12,7,12,12,14,8,7,13,8,13,13,13,15,13,13,13,13,14,9,11,7,14,15,12,13,16,14,12,16,14,15,13,13,photos/placeholder.png,photos\Arsenal.png
Arsenal,Gabriel Martinelli,14,12,15,14,15,10,13,8,3,12,11,5,16,14,13,14,13,12,13,17,15,6,16,7,16,13,17,17,16,14,11,16,13,16,11,photos/placeholder.png,photos\Arsenal.png
Arsenal,Reiss Nelson,12,12,15,11,14,12,6,13,8,13,10,6,15,12,12,13,13,11,12,12,16,5,14,5,13,13,14,17,16,14,7,16,14,12,10,photos/placeholder.png,photos\Arsenal.png
Arsenal,Eddie Nketiah,6,7,15,14,14,5,13,9,1,12,10,5,15,13,14,11,14,11,12,14,15,4,16,5,15,11,14,17,18,15,9,16,14,14,12,photos/placeholder.png,photos\Arsenal.png
Arsenal,Martin edegaard,16,15,16,13,18,14,8,17,4,17,14,9,18,8,18,10,16,15,17,16,16,14,17,9,18,19,15,13,16,15,9,13,13,15,11,photos/placeholder.png,photos\Arsenal.png
Arsenal,Thomas Partey,8,11,14,10,15,9,13,14,10,15,8,14,16,13,16,14,16,14,15,14,13,12,15,15,16,14,15,13,13,14,14,13,11,14,14,photos/placeholder.png,photos\Arsenal.png
Arsenal,Declan Rice,13,13,14,9,14,8,14,9,10,15,11,17,15,13,18,15,17,15,18,17,10,16,16,17,19,14,17,13,13,14,14,14,18,17,14,photos\Declan Rice.png,photos\Arsenal.png
Arsenal,Bukayo Saka,13,14,17,14,15,9,7,16,6,13,15,10,16,12,16,12,14,14,16,17,16,9,16,10,17,15,15,17,16,17,9,15,18,16,12,photos/placeholder.png,photos\Arsenal.png
Arsenal,William Saliba,6,10,11,9,14,6,16,11,6,13,10,16,13,15,17,14,17,15,15,15,11,10,8,14,17,12,15,14,14,15,16,14,14,16,16,photos/placeholder.png,photos\Arsenal.png
Arsenal,Emile Smith Rowe,11,12,15,12,14,12,5,13,2,15,11,8,15,13,14,11,13,12,13,15,15,8,15,8,15,15,15,16,15,15,8,14,13,14,9,photos/placeholder.png,photos\Arsenal.png
Arsenal,Jurrien Timber,4,9,10,7,14,9,13,7,7,15,8,13,15,13,14,14,15,14,14,16,12,10,13,15,16,12,15,14,15,13,13,15,12,14,12,photos/placeholder.png,photos\Arsenal.png
Arsenal,Takehiro Tomiyasu,7,11,13,8,12,6,12,9,11,12,7,15,13,13,15,15,14,14,13,15,13,7,12,14,16,12,16,13,14,13,14,13,16,15,13,photos/placeholder.png,photos\Arsenal.png
Arsenal,Leandro Trossard,14,12,15,14,14,12,6,13,4,14,13,4,16,13,12,13,13,14,13,13,15,8,15,9,13,15,13,16,15,13,6,15,12,13,9,photos/placeholder.png,photos\Arsenal.png
Arsenal,Febio Vieira,14,14,15,12,16,14,8,13,5,16,13,8,17,12,14,12,15,12,15,13,15,10,14,9,13,16,14,14,15,15,6,14,13,14,9,photos/placeholder.png,photos\Arsenal.png
Arsenal,Benjamin White,3,11,11,5,14,3,15,6,7,14,5,15,14,13,17,15,16,14,15,16,13,11,12,16,16,13,14,14,14,13,13,14,13,15,14,photos/placeholder.png,photos\Arsenal.png
Arsenal,Oleksandr Zinchenko,12,13,14,10,15,13,12,13,9,15,9,13,16,13,15,12,15,13,14,16,13,14,16,11,16,15,16,14,14,14,10,13,13,14,10,photos/placeholder.png,photos\Arsenal.png
Aston Villa,Leon Bailey,13,14,15,14,12,10,7,14,11,11,12,7,14,13,14,12,11,10,12,15,17,8,13,9,12,12,14,17,16,10,12,17,14,13,9,photos/placeholder.png,photos\Aston Villa.png
Aston Villa,Emiliano Buendea,14,15,16,13,15,13,5,11,4,15,9,8,16,15,15,12,15,11,11,16,18,5,15,9,13,16,14,14,16,15,8,14,14,13,10,photos/placeholder.png,photos\Aston Villa.png
Aston Villa,Matty Cash,10,11,13,12,14,10,12,12,17,13,8,12,12,15,15,13,10,11,12,15,11,9,14,11,16,11,16,14,14,13,10,14,15,15,12,photos\Matty Cash.png,photos\Aston Villa.png
Aston Villa,Calum Chambers,6,12,12,9,13,6,14,10,12,13,7,14,13,13,12,14,14,13,13,13,9,10,11,13,15,12,15,13,13,14,14,13,13,14,13,photos/placeholder.png,photos\Aston Villa.png
Aston Villa,Moussa Diaby,11,11,16,13,13,8,4,13,4,12,11,6,15,16,12,8,12,10,10,12,15,4,13,6,11,12,13,18,17,12,5,18,16,13,8,photos/placeholder.png,photos\Aston Villa.png
Aston Villa,Diego Carlos,3,5,7,5,11,9,15,8,10,12,10,15,12,16,15,19,13,14,13,15,9,9,8,15,13,8,14,12,12,15,14,13,14,15,18,photos/placeholder.png,photos\Aston Villa.png
Aston Villa,Lucas Digne,13,15,13,8,14,16,12,13,15,14,6,13,14,13,14,15,15,13,12,16,10,8,15,11,14,13,15,15,15,13,8,14,15,16,11,photos\Lucas Digne.png,photos\Aston Villa.png
Aston Villa,Douglas Luiz,16,12,13,13,14,12,12,13,9,14,16,14,15,13,14,12,16,12,13,13,15,13,14,12,13,14,15,14,14,14,11,14,16,15,13,photos/placeholder.png,photos\Aston Villa.png
Aston Villa,Kortney Hause,5,6,10,6,11,5,15,5,12,13,6,14,12,14,13,13,13,13,13,9,7,10,13,13,13,9,13,13,14,12,14,14,13,15,15,photos/placeholder.png,photos\Aston Villa.png
Aston Villa,Boubacar Kamara,6,8,12,5,14,6,14,8,5,15,7,15,14,12,16,14,16,14,14,13,10,9,13,16,16,13,16,14,14,15,14,15,16,15,13,photos\Boubacar Kamara.png,photos\Aston Villa.png
Aston Villa,Ezri Konsa,4,7,13,5,14,3,15,3,7,14,4,16,14,13,15,14,16,14,14,13,10,10,10,15,15,14,16,14,14,13,14,14,15,15,14,photos\Ezri Konsa.png,photos\Aston Villa.png
Aston Villa,Clement Lenglet,9,10,11,8,13,9,15,8,10,14,8,15,13,12,15,12,13,12,12,14,10,12,10,14,15,12,14,12,13,13,15,14,14,15,14,photos/placeholder.png,photos\Aston Villa.png
Aston Villa,John McGinn,12,13,14,14,13,10,13,13,9,14,10,13,15,15,14,14,12,13,11,16,13,13,13,13,16,14,17,14,13,14,9,14,16,17,15,photos\John McGinn.png,photos\Aston Villa.png
Aston Villa,Tyrone Mings,9,10,13,6,12,5,16,9,12,15,2,15,13,15,13,16,14,13,13,16,12,18,13,14,15,12,14,15,14,13,15,14,16,14,15,photos\Tyrone Mings.png,photos\Aston Villa.png
Aston Villa,elex Moreno,10,14,15,10,13,8,9,9,12,13,9,13,14,9,13,12,11,11,12,12,14,9,14,13,13,12,15,16,15,12,9,17,14,17,12,photos/placeholder.png,photos\Aston Villa.png
Aston Villa,Jacob Ramsey,8,10,16,14,14,7,9,12,7,13,9,10,14,9,13,16,15,12,12,15,13,8,14,10,14,13,14,15,14,13,11,14,15,14,13,photos/placeholder.png,photos\Aston Villa.png
Aston Villa,Morgan Rogers,10,12,15,12,13,7,8,9,4,12,5,9,14,10,11,10,13,10,10,14,16,8,11,8,12,13,12,14,12,13,11,13,13,11,13,photos\Morgan Rogers.png,photos\Aston Villa.png
Aston Villa,Youri Tielemans,11,13,13,12,16,12,9,14,3,18,14,12,17,13,15,11,14,12,13,13,15,13,14,13,14,17,13,11,12,12,8,10,13,12,10,photos\Youri Tielemans.png,photos\Aston Villa.png
Aston Villa,Pau Torres,7,8,12,6,14,5,16,7,7,16,8,16,14,13,15,14,15,15,13,13,5,12,6,16,14,11,15,14,11,6,17,15,14,16,16,photos\Pau Torres.png,photos\Aston Villa.png
Aston Villa,Ollie Watkins,8,12,13,16,12,7,13,11,5,13,14,7,12,10,14,15,12,12,10,15,13,9,15,9,17,12,19,15,15,12,13,14,18,17,14,photos\Ollie Watkins.png,photos\Aston Villa.png
Aston Villa,Nicole Zaniolo,13,11,16,13,14,9,12,16,6,12,12,5,14,18,11,14,15,9,9,18,15,6,13,9,9,13,12,15,13,15,13,16,13,14,17,photos/placeholder.png,photos\Aston Villa.png
Bournemouth,Max Aarons,4,9,14,5,13,6,9,7,6,12,5,14,14,8,13,11,16,13,13,17,11,6,12,12,15,12,16,15,15,15,7,15,15,15,9,photos/placeholder.png,photos\Bournemouth.png
Bournemouth,Tyler Adams,5,10,11,6,13,5,8,8,11,13,5,15,12,16,15,15,12,13,12,15,9,13,12,14,15,12,18,14,14,14,10,13,17,17,12,photos/placeholder.png,photos\Bournemouth.png
Bournemouth,Philip Billing,6,10,12,13,13,11,8,13,17,14,12,11,15,13,12,13,12,11,14,13,10,8,14,11,12,12,16,12,14,13,15,13,16,15,14,photos/placeholder.png,photos\Bournemouth.png
Bournemouth,Ryan Christie,11,12,14,10,14,12,5,12,1,13,11,7,14,10,15,7,11,11,12,12,15,8,15,9,12,15,17,13,14,12,9,14,15,15,11,photos/placeholder.png,photos\Bournemouth.png
Bournemouth,Lewis Cook,11,10,13,10,14,5,6,9,3,15,7,14,14,14,13,15,15,13,13,15,13,14,12,13,16,14,16,13,14,15,8,12,16,15,13,photos/placeholder.png,photos\Bournemouth.png
Bournemouth,Enes enal,6,9,13,15,14,15,13,13,6,10,14,6,15,11,12,13,14,11,13,15,14,9,14,7,12,11,13,13,15,13,13,12,12,14,14,photos/placeholder.png,photos\Bournemouth.png
Bournemouth,Romain Faivre,13,12,15,12,15,14,8,11,5,15,14,6,15,8,11,8,13,12,12,11,13,7,11,8,12,13,11,14,14,12,10,14,13,14,10,photos/placeholder.png,photos\Bournemouth.png
Bournemouth,Ryan Fredericks,5,14,13,7,9,6,10,7,12,12,6,13,11,14,12,10,11,12,12,12,14,10,14,10,12,8,14,17,14,10,8,17,12,13,9,photos/placeholder.png,photos\Bournemouth.png
Bournemouth,James Hill,7,9,10,7,12,7,13,9,16,12,7,12,13,11,12,12,12,11,11,13,8,13,11,12,13,11,13,13,12,13,14,13,14,14,13,photos/placeholder.png,photos\Bournemouth.png
Bournemouth,Lloyd Kelly,7,12,11,6,11,5,13,6,12,13,7,13,12,10,14,12,15,12,14,13,6,13,9,13,13,9,13,13,13,14,14,14,11,14,13,photos/placeholder.png,photos\Bournemouth.png
Bournemouth,Miloš Kerkez,6,12,13,7,12,8,5,10,10,12,7,14,13,15,14,16,13,12,11,16,12,7,14,10,15,11,17,15,14,12,10,15,15,14,11,photos/placeholder.png,photos\Bournemouth.png
Bournemouth,Justin Kluivert,9,10,16,11,16,8,7,12,2,14,10,6,16,16,9,13,11,10,10,15,15,7,12,6,11,11,12,17,17,11,7,16,12,11,8,photos/placeholder.png,photos\Bournemouth.png
Bournemouth,Chris Mepham,4,5,11,7,12,5,13,4,4,12,4,15,13,12,15,14,13,14,13,16,6,12,6,15,14,11,14,12,9,14,15,12,14,13,15,photos/placeholder.png,photos\Bournemouth.png
Bournemouth,Dango Ouattara,8,12,14,12,12,12,8,10,5,13,8,10,14,8,11,8,11,10,12,13,12,7,12,8,14,13,14,15,14,12,9,15,15,13,9,photos/placeholder.png,photos\Bournemouth.png
Bournemouth,Alex Scott,5,12,14,11,14,6,8,9,4,13,7,12,13,12,14,12,15,11,13,18,15,9,15,13,14,14,15,13,15,14,8,14,12,14,9,photos/placeholder.png,photos\Bournemouth.png
Bournemouth,Antoine Semenyo,7,11,15,13,12,7,9,11,4,11,9,7,12,15,10,12,14,8,9,12,17,8,14,7,9,13,12,16,15,13,9,16,12,11,14,photos/placeholder.png,photos\Bournemouth.png
Bournemouth,Marcos Senesi,6,10,10,8,13,7,14,7,6,14,6,14,14,10,14,14,13,12,13,13,11,13,10,14,15,14,15,14,11,14,15,11,14,15,12,photos/placeholder.png,photos\Bournemouth.png
Bournemouth,Luis Sinisterra,11,13,15,13,14,13,11,12,2,11,6,4,14,10,13,11,12,10,12,14,17,5,13,5,12,10,13,16,16,14,10,16,17,12,9,photos/placeholder.png,photos\Bournemouth.png
Bournemouth,Adam Smith,6,12,12,7,13,6,7,9,3,13,4,13,13,10,13,13,13,11,12,14,9,11,13,13,13,9,16,14,13,11,7,14,16,16,9,photos/placeholder.png,photos\Bournemouth.png
Bournemouth,Dominic Solanke,5,10,12,14,14,8,12,10,7,11,14,8,15,13,14,13,14,11,12,12,12,5,16,9,14,11,17,14,13,13,14,14,17,15,14,photos/placeholder.png,photos\Bournemouth.png
Bournemouth,Marcus Tavernier,13,11,15,10,13,11,6,11,6,12,10,8,13,10,10,11,10,9,10,12,14,10,13,10,13,10,15,15,13,13,10,14,10,15,10,photos/placeholder.png,photos\Bournemouth.png
Bournemouth,Illia Zabarnyi,3,3,9,5,11,4,13,5,5,12,6,15,11,10,15,13,16,15,14,14,6,9,8,14,16,10,13,13,12,15,15,14,15,15,14,photos/placeholder.png,photos\Bournemouth.png
Brentford,Kristoffer Ajer,6,8,12,10,12,7,15,9,10,13,11,14,13,16,14,16,14,13,12,18,7,15,11,13,14,13,15,13,11,13,16,14,15,14,14,photos/placeholder.png,photos\Brentford.png
Brentford,Shandon Baptiste,8,10,13,11,14,9,11,11,5,13,11,12,13,12,13,13,14,12,13,15,12,12,14,12,13,14,13,13,13,14,9,13,14,14,12,photos/placeholder.png,photos\Brentford.png
Brentford,Nathan Collins,4,6,11,5,11,6,15,5,7,12,5,15,12,13,14,17,15,14,13,15,5,14,5,14,15,12,15,13,11,13,15,14,15,14,14,photos/placeholder.png,photos\Brentford.png
Brentford,Mikkel Damsgaard,13,13,15,12,13,11,6,12,6,14,12,7,16,10,12,10,12,13,12,14,16,6,14,7,12,16,12,13,14,11,6,13,10,12,8,photos/placeholder.png,photos\Brentford.png
Brentford,Josh Dasilva,8,12,14,13,13,9,11,14,8,14,11,12,14,12,14,12,14,14,13,15,14,9,13,11,14,14,14,13,13,14,11,12,14,12,14,photos/placeholder.png,photos\Brentford.png
Brentford,Charlie Farr,7,9,9,6,9,6,9,6,8,11,6,10,8,10,10,11,9,10,9,11,10,6,7,11,11,8,11,11,8,9,11,12,11,10,9,photos/placeholder.png,photos\Brentford.png
Brentford,Saman Ghoddos,13,13,14,12,14,15,8,12,7,13,11,8,14,11,12,11,14,13,12,13,13,5,13,9,13,13,12,13,13,14,8,13,11,13,12,photos/placeholder.png,photos\Brentford.png
Brentford,Rico Henry,7,13,14,10,14,7,13,10,9,13,8,13,13,12,14,14,14,14,14,15,13,9,12,14,14,14,15,16,14,14,9,16,14,14,12,photos/placeholder.png,photos\Brentford.png
Brentford,Aaron Hickey,11,13,14,9,12,8,10,13,11,12,8,12,13,12,13,15,12,12,12,15,13,8,12,13,15,13,14,14,14,11,11,14,13,13,11,photos/placeholder.png,photos\Brentford.png
Brentford,Vitaly Janelt,11,13,13,12,14,10,13,13,13,14,9,14,13,16,14,16,14,14,12,15,8,12,12,13,15,13,15,12,12,14,12,12,16,15,14,photos/placeholder.png,photos\Brentford.png
Brentford,Mathias Jensen,13,13,13,10,14,12,9,11,17,14,11,13,14,9,14,13,14,13,14,14,14,13,13,12,14,16,15,12,12,12,10,12,13,13,12,photos/placeholder.png,photos\Brentford.png
Brentford,Mathias Jergensen,5,5,11,7,13,8,13,6,11,14,7,13,13,12,13,13,15,11,11,13,9,14,7,14,13,12,12,12,11,15,15,12,13,13,14,photos/placeholder.png,photos\Brentford.png
Brentford,Keane Lewis-Potter,12,14,14,13,13,12,13,14,9,13,13,7,12,12,13,12,14,12,13,17,13,8,13,8,12,13,14,14,14,13,10,14,14,13,11,photos/placeholder.png,photos\Brentford.png
Brentford,Neal Maupay,6,10,12,13,13,8,13,13,5,13,13,9,14,17,15,15,13,14,12,15,13,12,13,9,14,14,14,13,14,15,8,12,15,15,14,photos/placeholder.png,photos\Brentford.png
Brentford,Bryan Mbeumo,13,13,14,12,12,9,11,13,6,13,13,6,13,12,13,14,13,13,13,15,14,7,14,8,14,13,16,15,13,12,8,15,16,15,13,photos/placeholder.png,photos\Brentford.png
Brentford,Ben Mee,6,8,9,8,11,4,16,4,11,12,5,16,11,17,15,17,14,15,14,14,7,15,8,14,18,10,14,12,11,11,14,12,12,15,15,photos/placeholder.png,photos\Brentford.png
Brentford,Christian Nergaard,9,10,12,9,14,9,14,9,9,14,8,14,14,14,15,14,14,15,14,15,12,15,12,15,15,16,16,12,11,13,14,12,15,16,12,photos/placeholder.png,photos\Brentford.png
Brentford,Frank Onyeka,6,9,12,11,12,7,11,11,8,12,8,13,12,14,13,13,12,13,12,17,12,7,13,12,14,13,17,14,13,12,11,14,14,15,13,photos/placeholder.png,photos\Brentford.png
Brentford,Ethan Pinnock,5,7,10,9,12,7,15,6,14,13,5,14,13,12,14,15,14,14,14,16,6,13,8,14,13,12,14,12,11,15,17,12,14,14,15,photos/placeholder.png,photos\Brentford.png
Brentford,Sergio Reguilen,10,12,12,10,13,9,11,11,13,12,12,14,13,15,14,14,13,12,14,15,12,12,15,13,15,12,16,15,14,13,8,15,15,15,12,photos/placeholder.png,photos\Brentford.png
Brentford,Mads Roerslev,12,13,13,9,13,7,12,9,12,14,7,13,14,13,13,14,13,14,14,14,14,9,11,14,14,13,14,14,13,12,12,14,14,14,12,photos/placeholder.png,photos\Brentford.png
Brentford,Kevin Schade,9,12,14,12,13,6,13,9,3,13,11,5,14,12,12,11,10,10,11,13,14,4,13,4,11,11,12,16,13,11,12,16,12,13,9,photos/placeholder.png,photos\Brentford.png
Brentford,Ivan Toney,4,11,14,16,14,12,15,13,5,12,19,7,14,15,12,14,15,13,14,16,13,14,12,9,15,13,15,14,13,14,15,15,14,14,15,photos/placeholder.png,photos\Brentford.png
Brentford,Yoane Wissa,10,13,14,14,12,11,9,12,8,13,13,8,14,12,13,13,13,13,13,13,13,8,14,8,14,13,14,15,14,12,8,15,14,14,12,photos/placeholder.png,photos\Brentford.png
Brighton,Simon Adingra,7,12,16,14,14,7,9,8,5,12,11,6,14,10,15,11,13,13,10,11,16,8,15,8,13,11,14,16,15,9,8,16,13,13,9,photos/placeholder.png,photos\Brighton.png
Brighton,Carlos Baleba,6,12,13,8,14,8,9,12,5,14,7,15,13,10,13,12,14,14,13,16,11,7,11,13,15,13,14,13,12,11,13,14,14,14,14,photos/placeholder.png,photos\Brighton.png
Brighton,Lewis Dunk,5,7,9,6,13,9,14,5,6,14,10,16,13,13,15,17,15,16,16,14,8,16,7,16,15,13,14,11,11,10,16,14,13,16,14,photos/placeholder.png,photos\Brighton.png
Brighton,Julio Enciso,7,12,16,14,13,9,8,16,7,13,12,6,16,7,9,14,11,10,9,11,14,6,13,8,10,12,17,16,15,14,7,14,14,14,11,photos/placeholder.png,photos\Brighton.png
Brighton,Pervis Estupieen,9,14,14,11,14,9,10,13,14,13,12,15,15,11,12,13,14,13,13,13,14,10,14,12,15,13,17,15,12,13,10,16,16,18,14,photos/placeholder.png,photos\Brighton.png
Brighton,Ansu Fati,7,13,16,15,15,7,11,14,6,13,12,5,16,8,14,11,14,12,12,16,18,9,16,5,10,14,10,16,16,14,9,15,15,12,11,photos/placeholder.png,photos\Brighton.png
Brighton,Evan Ferguson,6,7,9,15,13,7,14,14,8,11,14,7,13,12,13,14,13,14,13,12,9,8,12,7,13,11,14,15,9,13,14,16,13,14,14,photos/placeholder.png,photos\Brighton.png
Brighton,Billy Gilmour,13,9,12,9,15,13,6,11,8,16,15,12,16,11,15,13,16,14,13,15,8,12,14,15,15,16,14,14,13,13,6,13,14,14,7,photos/placeholder.png,photos\Brighton.png
Brighton,Pascal Groß,17,17,13,14,15,14,11,14,6,16,14,11,15,13,14,13,15,16,16,15,13,14,17,14,15,16,17,8,12,12,10,9,17,17,11,photos/placeholder.png,photos\Brighton.png
Brighton,Igor,6,11,11,6,12,6,14,9,12,14,7,15,13,15,14,14,12,12,13,14,11,8,9,15,14,11,15,14,12,15,14,14,15,15,16,photos/placeholder.png,photos\Brighton.png
Brighton,Joeo Pedro,11,11,15,13,15,11,10,12,6,13,17,7,14,15,12,11,13,12,13,15,15,11,15,7,14,14,16,15,14,15,11,14,14,14,13,photos/placeholder.png,photos\Brighton.png
Brighton,Adam Lallana,11,13,16,8,16,7,6,7,4,15,9,9,18,11,15,13,16,17,16,15,16,16,16,13,16,15,13,10,13,12,6,10,14,12,9,photos/placeholder.png,photos\Brighton.png
Brighton,Tariq Lamptey,6,11,14,8,12,6,7,7,6,12,9,11,12,10,12,14,13,12,11,14,11,8,11,9,12,10,14,19,16,15,2,16,8,14,6,photos/placeholder.png,photos\Brighton.png
Brighton,Solly March,13,15,15,10,14,13,8,14,4,13,10,12,14,9,12,11,13,14,15,14,13,8,13,13,16,12,16,14,13,13,10,14,12,15,10,photos/placeholder.png,photos\Brighton.png
Brighton,James Milner,13,12,10,11,15,9,9,7,13,14,16,13,14,15,13,17,14,14,13,19,9,17,12,13,18,12,17,11,10,13,8,10,19,17,15,photos/placeholder.png,photos\Brighton.png
Brighton,Kaoru Mitoma,9,11,18,13,15,8,8,14,7,13,11,8,14,6,12,13,14,15,14,13,16,6,15,7,15,14,13,17,14,14,10,16,14,14,7,photos/placeholder.png,photos\Brighton.png
Brighton,Jakub Moder,13,11,11,12,13,13,11,14,7,14,12,13,14,9,13,12,13,13,13,14,13,11,14,13,14,13,14,12,11,11,13,12,13,14,13,photos/placeholder.png,photos\Brighton.png
Brighton,Jan Paul van Hecke,4,7,13,6,13,5,15,5,7,14,7,17,14,17,15,15,16,16,14,16,8,12,6,15,14,12,13,12,13,14,15,13,14,14,14,photos/placeholder.png,photos\Brighton.png
Brighton,Joel Veltman,7,11,10,8,13,4,14,5,9,13,7,16,13,17,15,16,14,16,15,16,9,15,11,17,14,11,14,12,12,11,13,12,16,14,12,photos/placeholder.png,photos\Brighton.png
Brighton,Adam Webster,5,6,13,6,13,5,14,7,6,14,7,15,13,12,13,14,14,13,14,14,7,14,8,14,13,13,14,12,11,10,15,15,13,14,13,photos/placeholder.png,photos\Brighton.png
Brighton,Danny Welbeck,5,8,13,14,14,4,14,9,3,13,10,8,14,11,14,14,14,15,16,14,14,11,16,9,15,14,16,14,12,12,14,15,15,14,14,photos/placeholder.png,photos\Brighton.png
Chelsea,Benoet Badiashile,3,5,9,6,13,4,17,7,8,13,7,15,12,10,14,15,16,12,14,15,9,11,6,14,14,11,13,14,11,15,17,15,15,15,16,photos/placeholder.png,photos\Chelsea.png
Chelsea,Moises Caicedo,5,8,14,11,14,8,9,12,4,15,8,18,14,13,14,15,15,15,15,14,14,9,13,15,15,14,16,16,16,12,9,14,18,16,12,photos/placeholder.png,photos\Chelsea.png
Chelsea,Trevoh Chalobah,6,11,10,8,13,10,13,9,6,12,6,15,13,12,14,13,15,17,15,13,12,8,8,14,15,12,15,14,11,14,15,15,15,14,14,photos/placeholder.png,photos\Chelsea.png
Chelsea,Ben Chilwell,13,15,15,7,15,11,14,7,11,13,11,13,13,12,14,13,14,13,14,14,11,12,11,15,14,12,16,15,14,15,13,15,14,16,13,photos/placeholder.png,photos\Chelsea.png
Chelsea,Levi Colwill,7,7,11,5,13,6,13,2,7,14,11,13,14,10,12,11,16,12,14,13,7,13,11,14,12,12,14,15,12,15,15,15,14,14,13,photos/placeholder.png,photos\Chelsea.png
Chelsea,Marc Cucurella,10,13,11,9,14,7,6,8,12,12,7,12,14,15,16,14,15,14,13,18,10,13,15,12,14,14,14,16,15,14,8,13,13,15,12,photos/placeholder.png,photos\Chelsea.png
Chelsea,Axel Disasi,5,6,8,6,12,5,16,8,9,12,8,15,11,13,14,15,13,14,14,14,6,13,11,14,13,11,14,13,11,14,15,14,14,16,18,photos/placeholder.png,photos\Chelsea.png
Chelsea,Enzo Fernendez,12,12,13,12,15,9,7,16,8,16,14,14,16,15,14,13,14,13,14,15,14,12,17,13,15,17,14,12,14,16,10,12,17,16,13,photos/placeholder.png,photos\Chelsea.png
Chelsea,Wesley Fofana,9,6,12,7,12,7,16,5,10,12,9,15,14,12,14,13,14,13,12,16,10,10,12,15,13,12,13,15,13,10,16,16,16,15,15,photos/placeholder.png,photos\Chelsea.png
Chelsea,Conor Gallagher,12,12,13,14,13,13,8,12,6,13,7,13,13,17,11,15,13,13,14,17,12,11,14,12,15,13,19,15,14,11,10,13,16,17,11,photos/placeholder.png,photos\Chelsea.png
Chelsea,Malo Gusto,6,14,10,6,12,6,10,9,10,12,6,13,13,13,12,14,12,9,13,14,12,8,14,11,14,11,15,17,14,12,10,16,15,15,12,photos/placeholder.png,photos\Chelsea.png
Chelsea,Nicolas Jackson,8,9,16,14,13,8,13,11,6,12,13,9,16,7,12,12,12,13,12,12,13,7,9,11,9,13,14,17,14,8,12,16,10,15,13,photos/placeholder.png,photos\Chelsea.png
Chelsea,Reece James,13,16,11,12,14,14,14,11,9,12,12,14,15,16,13,18,16,14,16,17,12,13,12,13,15,11,16,15,12,19,10,14,14,14,18,photos/placeholder.png,photos\Chelsea.png
Chelsea,Romeo Lavia,5,7,13,8,14,11,7,11,5,14,5,14,14,15,14,12,13,12,13,16,14,12,13,14,16,14,16,14,14,12,9,14,14,14,13,photos/placeholder.png,photos\Chelsea.png
Chelsea,Noni Madueke,10,11,17,13,15,7,11,11,10,12,8,5,15,15,10,14,15,11,11,12,16,5,12,5,10,8,12,15,15,14,13,16,15,11,14,photos/placeholder.png,photos\Chelsea.png
Chelsea,Mykhaylo Mudryk,11,13,14,12,12,11,5,10,5,13,13,5,11,6,9,12,11,11,10,16,16,8,11,11,11,11,14,17,16,12,6,18,10,12,15,photos/placeholder.png,photos\Chelsea.png
Chelsea,Christopher Nkunku,15,12,16,14,15,16,12,14,5,15,15,8,16,14,16,12,16,12,13,15,17,8,17,8,12,15,12,15,16,12,10,16,13,14,12,photos/placeholder.png,photos\Chelsea.png
Chelsea,Cole Palmer,12,12,15,16,16,12,8,14,3,13,14,8,16,8,13,8,13,12,14,10,15,7,13,8,11,14,13,15,15,16,13,14,13,13,8,photos/placeholder.png,photos\Chelsea.png
Chelsea,Malang Sarr,5,11,12,7,13,6,13,7,8,13,11,14,13,12,12,15,13,12,13,15,12,10,10,12,14,12,14,14,14,15,11,15,16,15,13,photos/placeholder.png,photos\Chelsea.png
Chelsea,Raheem Sterling,8,13,15,13,13,10,12,12,5,13,12,8,13,12,18,11,12,13,13,13,14,12,20,9,14,13,15,17,18,14,8,15,20,18,12,photos/placeholder.png,photos\Chelsea.png
Chelsea,Thiago Silva,4,5,9,7,14,8,17,7,7,13,13,16,13,17,16,15,20,17,16,15,8,19,8,19,15,13,14,10,10,16,13,8,14,14,13,photos/placeholder.png,photos\Chelsea.png
City,Manuel Akanji,4,8,11,6,13,9,13,11,12,13,8,16,12,13,15,16,16,15,13,14,9,10,9,13,14,13,13,14,13,13,15,15,13,14,17,photos/placeholder.png,photos\City.png
City,Nathan Ake,2,10,13,8,14,6,15,10,10,14,3,15,14,12,16,16,16,15,14,15,6,14,5,15,14,13,16,15,14,13,12,15,14,15,15,photos/placeholder.png,photos\City.png
City,Julien elvarez,14,11,13,15,16,13,10,14,6,13,13,8,15,11,14,12,15,12,15,14,17,7,15,8,16,13,16,15,14,13,7,13,15,16,13,photos/placeholder.png,photos\City.png
City,Kevin De Bruyne,14,19,16,16,16,17,6,17,7,18,15,9,18,12,14,13,14,15,18,17,16,13,15,10,14,20,15,16,13,14,10,14,16,16,13,photos/placeholder.png,photos\City.png
City,Reben Dias,4,11,12,6,13,5,15,4,5,14,8,18,13,16,17,18,15,15,15,18,8,17,8,17,16,13,17,13,13,12,16,13,18,18,16,photos/placeholder.png,photos\City.png
City,Jeremy Doku,11,12,17,11,14,8,5,8,5,13,14,7,15,14,11,15,13,10,9,12,16,6,12,8,14,10,13,18,16,13,8,17,16,14,13,photos/placeholder.png,photos\City.png
City,Phil Foden,13,13,17,14,17,13,8,13,5,17,12,8,17,7,14,13,16,15,15,14,16,8,16,10,14,17,16,16,17,15,7,16,14,15,9,photos/placeholder.png,photos\City.png
City,Sergio Gemez,15,16,13,10,15,13,6,11,9,15,13,9,15,7,10,14,13,13,11,12,16,8,12,12,14,14,14,14,13,7,6,14,12,13,8,photos/placeholder.png,photos\City.png
City,Jack Grealish,13,15,17,12,15,11,11,12,3,14,12,9,15,9,13,14,14,12,14,14,16,12,13,11,14,16,16,15,16,14,7,14,15,14,14,photos/placeholder.png,photos\City.png
City,Joško Gvardiol,2,12,13,7,14,6,13,8,12,14,7,14,13,15,14,17,16,14,13,17,13,14,12,14,15,15,16,14,12,15,13,15,15,14,16,photos/placeholder.png,photos\City.png
City,Erling Haaland,7,10,14,18,16,13,15,13,5,13,17,7,15,15,19,15,18,15,15,20,16,13,18,7,14,14,13,17,16,17,18,19,19,14,17,photos\Erling Haaland.png,photos\City.png
City,Mateo Kovačić,10,10,16,8,16,12,10,9,7,14,12,15,17,14,16,14,18,11,14,17,16,11,13,12,15,15,17,15,12,16,9,14,12,14,13,photos/placeholder.png,photos\City.png
City,Rico Lewis,4,10,13,8,12,6,12,5,10,13,12,13,13,15,12,16,15,13,14,17,12,13,13,16,13,12,16,15,17,13,8,14,13,15,13,photos/placeholder.png,photos\City.png
City,Matheus Nunes,13,13,15,12,14,11,10,14,8,13,11,11,15,15,13,16,13,17,13,15,15,8,14,14,16,14,16,14,13,13,12,14,17,16,14,photos/placeholder.png,photos\City.png
City,Rodri,4,8,13,13,15,8,13,15,7,16,8,17,14,13,17,15,20,17,18,13,9,11,14,17,16,16,16,14,13,12,17,13,16,17,16,photos/placeholder.png,photos\City.png
City,Bernardo Silva,14,15,17,15,17,13,10,13,2,17,13,8,18,13,16,15,16,15,15,16,17,12,17,13,17,17,20,15,19,16,7,14,17,17,9,photos/placeholder.png,photos\City.png
City,John Stones,4,6,14,8,14,5,14,6,8,16,12,16,16,13,16,17,18,16,15,13,12,13,15,16,16,14,17,14,13,12,16,15,16,16,15,photos/placeholder.png,photos\City.png
City,Kyle Walker,4,11,14,7,13,11,13,8,12,13,6,13,13,13,16,13,13,13,13,16,10,15,13,14,15,12,16,19,13,13,11,18,20,17,13,photos/placeholder.png,photos\City.png
Crystal Palace,Naouirou Ahamada,7,8,13,8,13,7,8,10,5,14,6,11,14,10,12,11,12,10,12,15,14,8,12,11,13,12,13,13,14,13,11,13,12,14,13,photos/placeholder.png,photos\Crystal Palace.png
Crystal Palace,Joachim Andersen,8,10,10,8,13,11,14,8,5,16,10,14,14,14,15,13,15,14,13,15,11,13,11,14,14,14,12,13,11,13,17,12,14,13,14,photos/placeholder.png,photos\Crystal Palace.png
Crystal Palace,Jordan Ayew,8,12,14,11,14,9,12,10,6,11,12,12,12,14,13,14,12,12,11,17,11,7,13,12,14,10,18,13,13,13,11,13,17,15,13,photos/placeholder.png,photos\Crystal Palace.png
Crystal Palace,Nathaniel Clyne,5,10,10,5,11,6,10,4,11,11,5,14,13,14,14,14,13,15,12,12,8,11,12,14,15,11,16,13,12,12,9,12,11,14,13,photos/placeholder.png,photos\Crystal Palace.png
Crystal Palace,Cheick Doucoure,8,9,12,9,15,8,12,11,10,15,10,15,14,14,15,14,14,13,13,15,10,10,12,14,14,15,14,13,13,14,12,13,14,14,13,photos/placeholder.png,photos\Crystal Palace.png
Crystal Palace,Odsonne Edouard,6,10,14,15,13,10,11,11,4,11,15,8,14,9,12,12,12,11,12,13,12,6,13,8,11,12,11,14,13,14,14,14,14,13,12,photos/placeholder.png,photos\Crystal Palace.png
Crystal Palace,Ebere Eze,14,13,17,13,15,13,6,13,5,15,13,7,17,8,13,8,16,13,13,15,17,9,14,9,15,15,13,13,16,16,9,13,13,12,13,photos/placeholder.png,photos\Crystal Palace.png
Crystal Palace,Nathan Ferguson,7,10,10,6,12,4,12,8,8,11,9,14,11,11,13,12,10,12,11,12,9,8,11,13,12,9,11,12,12,11,11,11,6,12,14,photos/placeholder.png,photos\Crystal Palace.png
Crystal Palace,Marc Guehi,5,7,13,9,14,7,13,8,9,13,8,15,15,11,14,13,14,14,13,15,11,15,9,15,13,11,14,15,15,14,14,14,16,14,14,photos/placeholder.png,photos\Crystal Palace.png
Crystal Palace,Rob Holding,2,6,10,5,13,6,14,5,11,12,5,15,12,13,14,15,12,14,12,14,8,13,5,14,15,12,15,13,13,13,15,12,14,15,13,photos/placeholder.png,photos\Crystal Palace.png
Crystal Palace,Will Hughes,11,11,12,9,12,12,10,10,6,13,11,14,13,16,14,15,14,13,14,15,11,13,12,13,15,13,17,10,11,12,13,11,12,14,13,photos/placeholder.png,photos\Crystal Palace.png
Crystal Palace,Jefferson Lerma,9,10,11,8,12,9,14,13,8,13,9,16,12,15,15,16,12,14,13,15,9,9,12,13,13,11,16,13,14,15,14,12,17,15,14,photos/placeholder.png,photos\Crystal Palace.png
Crystal Palace,Jean-Philippe Mateta,7,8,13,14,13,8,14,11,4,10,12,8,13,12,12,13,12,10,12,12,14,8,13,11,13,10,14,14,13,13,16,13,11,11,15,photos/placeholder.png,photos\Crystal Palace.png
Crystal Palace,Matheus Franea,13,10,14,10,14,8,10,11,3,14,11,11,14,11,12,12,12,11,12,15,15,8,12,11,12,13,12,14,14,13,11,14,14,12,11,photos/placeholder.png,photos\Crystal Palace.png
Crystal Palace,Tyrick Mitchell,7,10,12,8,11,7,11,8,11,13,7,17,12,15,13,13,13,13,12,13,10,8,13,14,15,13,15,15,15,14,9,16,16,14,13,photos/placeholder.png,photos\Crystal Palace.png
Crystal Palace,Daniel Mueoz,10,13,11,9,9,9,13,15,15,10,8,14,10,10,15,13,12,13,12,15,9,15,11,13,14,11,15,13,10,13,13,13,13,14,13,photos/placeholder.png,photos\Crystal Palace.png
Crystal Palace,Michael Olise,13,16,16,14,16,15,7,14,4,15,14,9,15,6,13,9,15,12,16,12,16,9,13,10,14,16,13,15,15,14,11,14,13,12,11,photos/placeholder.png,photos\Crystal Palace.png
Crystal Palace,Chris Richards,4,10,11,6,12,4,15,6,6,12,6,14,12,14,13,15,10,13,12,15,11,6,11,13,14,11,14,14,13,13,16,15,13,14,13,photos/placeholder.png,photos\Crystal Palace.png
Crystal Palace,Jaero Riedewald,8,9,11,7,13,9,11,7,8,13,8,13,12,8,13,10,13,12,12,9,10,10,11,13,14,13,10,11,14,13,11,12,13,13,14,photos/placeholder.png,photos\Crystal Palace.png
Crystal Palace,Jeffrey Schlupp,8,11,13,12,12,9,10,9,10,11,10,11,13,10,12,14,12,11,11,13,12,8,13,12,14,10,14,15,14,13,11,14,13,15,13,photos/placeholder.png,photos\Crystal Palace.png
Crystal Palace,James Tomkins,6,4,8,4,11,4,15,4,6,10,2,14,11,13,14,16,11,14,13,12,4,13,8,14,14,8,15,8,10,11,17,10,7,12,15,photos/placeholder.png,photos\Crystal Palace.png
Crystal Palace,Joel Ward,6,10,9,5,10,7,14,8,10,11,5,15,11,15,14,16,11,16,13,18,3,15,10,14,16,9,15,9,11,12,15,10,15,13,14,photos/placeholder.png,photos\Crystal Palace.png
Crystal Palace,Adam Wharton,12,12,14,8,16,12,8,9,2,16,10,10,16,12,12,12,13,10,10,13,15,7,11,11,13,15,13,13,13,15,11,12,13,12,9,photos/placeholder.png,photos\Crystal Palace.png
Everton,Dele Alli,7,10,14,13,14,6,12,12,10,14,14,9,15,14,14,12,13,10,12,12,17,7,13,9,12,14,9,11,12,12,12,10,18,10,12,photos/placeholder.png,photos\Everton.png
Everton,Beto,5,7,12,14,12,6,15,11,6,12,11,6,12,15,14,12,14,13,13,16,11,8,15,8,13,10,16,16,13,14,16,16,14,13,16,photos/placeholder.png,photos\Everton.png
Everton,Jarrad Branthwaite,3,6,10,7,12,7,15,5,9,10,6,12,12,14,13,17,15,13,12,13,13,11,11,13,13,12,14,13,12,13,18,12,13,13,13,photos/placeholder.png,photos\Everton.png
Everton,Dominic Calvert-Lewin,9,11,11,14,16,7,17,9,2,11,13,5,15,13,13,14,13,15,14,14,12,5,16,6,15,10,15,16,14,14,16,16,14,15,16,photos/placeholder.png,photos\Everton.png
Everton,Youssef Chermiti,8,10,11,12,12,7,13,9,6,12,10,5,12,13,11,15,10,13,10,14,11,8,11,6,13,11,16,13,11,12,16,14,14,13,14,photos/placeholder.png,photos\Everton.png
Everton,Seamus Coleman,5,11,11,12,12,8,14,13,12,12,7,14,12,15,13,15,13,13,14,18,11,17,13,14,15,9,15,12,11,14,10,13,9,13,12,photos/placeholder.png,photos\Everton.png
Everton,Arnaut Danjuma,11,13,17,12,16,12,10,11,10,12,8,7,17,7,12,14,13,13,13,15,16,4,12,6,11,13,10,17,14,13,10,16,12,12,9,photos/placeholder.png,photos\Everton.png
Everton,Abdoulaye Doucoure,5,11,12,13,13,7,12,13,5,12,8,12,13,15,14,14,14,13,13,16,12,10,15,12,16,13,17,14,13,14,12,13,16,16,15,photos/placeholder.png,photos\Everton.png
Everton,James Garner,14,13,10,11,14,12,8,13,2,15,10,14,14,12,13,12,14,14,13,16,9,11,13,14,16,14,15,12,13,13,12,13,15,16,11,photos/placeholder.png,photos\Everton.png
Everton,Ben Godfrey,5,8,8,9,13,5,13,12,7,11,7,15,13,14,11,14,12,13,9,15,7,12,11,12,14,11,17,16,11,15,13,17,15,16,16,photos/placeholder.png,photos\Everton.png
Everton,Andre Gomes,11,12,11,11,16,13,10,9,9,15,14,12,17,10,13,9,16,11,15,12,13,9,12,11,14,13,14,8,10,13,12,11,13,12,14,photos/placeholder.png,photos\Everton.png
Everton,Idrissa Gueye,8,9,10,6,13,9,11,11,9,11,8,18,12,14,15,16,13,14,13,16,8,12,9,14,17,12,16,14,14,12,8,13,15,16,13,photos/placeholder.png,photos\Everton.png
Everton,Jack Harrison,13,12,11,11,17,10,5,11,5,11,9,6,13,11,11,13,11,10,8,17,14,7,13,10,13,12,15,14,12,14,7,15,17,17,9,photos/placeholder.png,photos\Everton.png
Everton,Mackenzie Hunt,7,10,9,10,14,8,8,10,8,13,5,9,12,14,6,9,12,8,6,17,12,9,9,10,13,13,10,14,12,5,2,14,14,13,2,photos/placeholder.png,photos\Everton.png
Everton,Kyle John,8,10,9,5,11,8,8,7,5,11,8,10,8,13,11,10,6,12,14,11,6,1,9,10,11,10,12,15,8,10,8,13,10,14,8,photos/placeholder.png,photos\Everton.png
Everton,Michael Keane,5,8,8,9,12,5,16,6,12,12,5,16,14,11,14,13,11,13,12,17,5,11,10,14,15,10,13,10,9,12,14,12,14,13,15,photos/placeholder.png,photos\Everton.png
Everton,Dwight McNeil,13,14,13,12,14,9,7,11,6,14,9,12,15,8,13,14,13,12,13,16,14,6,13,11,15,13,15,12,14,10,11,13,16,14,10,photos/placeholder.png,photos\Everton.png
Everton,Vitaliy Mykolenko,8,13,10,9,12,5,13,9,10,13,4,14,12,12,12,15,12,12,13,16,7,8,13,14,13,11,16,15,13,11,13,15,14,15,12,photos/placeholder.png,photos\Everton.png
Everton,Amadou Onana,7,9,14,10,13,9,12,10,8,14,9,15,14,15,11,14,13,12,12,14,14,12,11,14,10,14,14,12,13,15,15,17,13,14,14,photos\Amadou Onana.png,photos\Everton.png
Everton,Nathan Patterson,12,14,12,11,12,6,8,11,10,12,5,13,11,12,11,12,13,14,7,15,7,4,13,11,13,14,15,15,13,12,11,15,14,17,12,photos/placeholder.png,photos\Everton.png
Everton,James Tarkowski,3,6,10,8,13,4,17,6,7,14,10,16,12,13,15,15,14,15,12,13,10,13,8,14,16,10,15,14,10,13,14,14,14,13,13,photos/placeholder.png,photos\Everton.png
Everton,Ashley Young,12,13,12,10,14,14,7,11,8,13,12,11,13,7,13,15,13,11,10,14,9,16,12,12,17,10,15,13,13,12,7,13,15,10,12,photos/placeholder.png,photos\Everton.png
Forest,Harry Arter,6,9,10,10,11,11,7,12,2,13,12,14,13,15,10,13,11,12,11,14,8,13,11,13,16,11,13,7,8,12,8,7,14,13,9,photos/placeholder.png,photos\Forest.png
Forest,Taiwo Awoniyi,7,9,15,16,14,8,14,11,5,11,12,4,14,14,13,13,9,11,10,13,13,5,15,5,11,11,13,16,15,16,11,15,13,13,16,photos/placeholder.png,photos\Forest.png
Forest,Willy Boly,2,4,12,9,11,3,15,9,5,13,5,14,13,17,15,14,13,11,12,13,13,12,9,15,13,11,13,11,11,16,16,12,10,11,17,photos/placeholder.png,photos\Forest.png
Forest,Danilo,10,11,13,9,13,12,11,11,6,13,9,13,14,13,15,12,13,13,13,13,12,8,12,13,15,13,14,13,14,13,8,12,13,13,11,photos/placeholder.png,photos\Forest.png
Forest,Nicoles Domenguez,5,11,11,8,15,6,13,11,5,16,9,17,15,17,13,15,13,13,13,16,11,11,12,13,15,16,15,12,13,11,11,12,15,17,11,photos/placeholder.png,photos\Forest.png
Forest,Anthony Elanga,5,8,14,13,12,4,7,11,2,10,10,6,13,12,9,8,10,9,8,13,16,3,12,8,13,6,14,18,14,11,10,18,15,14,13,photos/placeholder.png,photos\Forest.png
Forest,Felipe,6,6,10,8,11,7,15,7,7,12,11,14,12,18,14,16,11,14,12,16,7,17,9,14,14,9,15,11,12,13,16,12,16,13,16,photos/placeholder.png,photos\Forest.png
Forest,Morgan Gibbs-White,14,12,14,11,15,11,9,11,5,15,10,9,15,12,13,10,13,12,14,14,16,8,14,10,13,14,14,13,15,14,10,14,12,12,12,photos/placeholder.png,photos\Forest.png
Forest,Callum Hudson-Odoi,12,14,15,10,15,12,7,8,5,14,11,7,15,7,11,8,12,9,12,10,15,3,14,7,10,14,11,16,15,12,11,15,12,12,8,photos/placeholder.png,photos\Forest.png
Forest,Ateef Konate,10,10,13,8,11,7,7,10,5,13,8,6,12,7,11,10,8,8,11,12,14,7,12,6,12,13,12,12,12,8,8,12,12,11,7,photos/placeholder.png,photos\Forest.png
Forest,Cheikhou Kouyate,4,8,10,7,12,5,14,7,10,12,10,15,12,16,13,15,13,12,11,14,10,12,9,13,13,10,16,12,13,13,16,12,15,14,15,photos/placeholder.png,photos\Forest.png
Forest,Gonzalo Montiel,7,11,9,6,12,3,12,5,13,12,17,14,9,16,15,16,14,13,13,16,7,13,11,14,17,8,16,14,14,14,10,15,15,16,13,photos/placeholder.png,photos\Forest.png
Forest,Murillo,6,9,13,7,14,10,13,7,8,14,7,14,13,12,13,14,11,12,12,13,11,10,9,13,12,11,14,14,13,12,13,13,13,13,14,photos/placeholder.png,photos\Forest.png
Forest,Moussa Niakhate,4,9,11,7,12,4,14,6,18,12,15,14,12,16,12,16,12,12,12,16,12,16,11,13,13,12,12,13,11,14,16,15,16,13,15,photos/placeholder.png,photos\Forest.png
Forest,Ola Aina,5,12,12,7,11,4,11,6,12,11,5,12,12,11,9,9,11,9,9,12,14,7,11,9,10,10,12,17,13,12,11,17,16,13,10,photos/placeholder.png,photos\Forest.png
Forest,Andrew Omobamidele,2,4,8,4,10,4,14,4,3,12,4,14,12,11,14,14,16,12,11,15,3,13,6,14,13,11,12,15,13,13,14,15,10,13,12,photos/placeholder.png,photos\Forest.png
Forest,Divock Origi,6,11,14,13,14,9,12,14,8,13,13,7,14,10,12,11,13,12,12,8,13,8,13,7,13,13,12,13,14,15,13,15,11,14,14,photos/placeholder.png,photos\Forest.png
Forest,Giovanni Reyna,13,12,15,12,16,14,7,13,6,14,13,8,16,11,14,10,15,11,12,11,14,6,13,8,12,14,11,14,15,12,10,14,12,12,10,photos/placeholder.png,photos\Forest.png
Forest,Ibrahim Sangare,8,9,12,7,12,11,15,13,5,15,4,15,13,16,13,17,15,11,13,12,13,14,11,15,17,12,17,13,14,15,17,12,15,17,17,photos/placeholder.png,photos\Forest.png
Forest,Nuno Tavares,11,12,13,8,13,8,9,11,11,12,7,13,13,12,10,13,10,8,10,12,12,6,13,9,13,13,13,17,14,12,12,16,16,14,13,photos/placeholder.png,photos\Forest.png
Forest,Harry Toffolo,12,13,11,12,13,14,12,10,10,13,7,12,12,11,12,11,12,11,13,12,7,9,12,12,13,13,13,13,12,11,10,12,14,15,11,photos/placeholder.png,photos\Forest.png
Forest,Neco Williams,8,14,13,11,14,7,11,12,10,12,6,13,13,13,10,12,11,10,10,14,11,6,11,10,14,12,14,14,13,13,11,14,15,14,11,photos/placeholder.png,photos\Forest.png
Forest,Chris Wood,3,9,11,13,12,10,15,11,3,12,15,9,12,14,14,16,13,13,14,15,10,14,12,10,16,9,15,12,11,16,16,11,14,15,15,photos/placeholder.png,photos\Forest.png
Forest,Ryan Yates,7,10,10,11,12,10,15,9,4,13,4,14,12,12,12,15,13,12,13,16,6,12,13,14,15,12,15,11,13,12,14,13,15,16,13,photos/placeholder.png,photos\Forest.png
Fulham,Tosin Adarabioyo,8,8,12,9,13,6,13,9,11,13,10,14,13,9,12,11,12,13,12,14,13,10,8,13,12,13,13,14,13,14,17,14,15,14,13,photos/placeholder.png,photos\Fulham.png
Fulham,Fode Ballo-Toure,7,13,12,6,11,5,10,7,14,12,6,14,11,14,13,14,11,12,12,12,8,8,14,12,14,10,13,15,15,13,11,16,16,16,12,photos/placeholder.png,photos\Fulham.png
Fulham,Calvin Bassey,9,12,12,7,9,7,15,7,14,10,9,13,11,13,12,15,12,12,12,10,11,10,11,13,12,7,15,13,10,13,15,15,16,19,18,photos/placeholder.png,photos\Fulham.png
Fulham,Armando Broja,7,8,15,14,12,7,12,8,7,7,12,8,13,14,13,11,14,8,12,12,13,11,14,6,11,9,13,16,12,15,14,16,14,13,14,photos/placeholder.png,photos\Fulham.png
Fulham,Tom Cairney,12,15,14,13,17,14,7,15,6,15,13,10,16,13,15,9,15,14,15,11,15,17,15,13,15,15,14,10,13,14,10,10,15,12,9,photos/placeholder.png,photos\Fulham.png
Fulham,Timothy Castagne,8,14,12,10,12,6,9,8,8,13,5,12,13,12,12,11,12,12,12,14,11,9,13,12,15,11,16,14,13,13,12,14,12,15,11,photos/placeholder.png,photos\Fulham.png
Fulham,Bobby Decordova-Reid,9,11,14,13,12,10,9,11,5,12,11,8,13,10,12,9,12,14,13,17,13,8,13,9,16,12,17,14,13,15,5,14,14,14,7,photos/placeholder.png,photos\Fulham.png
Fulham,Issa Diop,3,3,12,6,11,5,15,9,8,9,4,15,12,14,13,12,12,12,13,15,3,14,11,14,13,9,14,14,13,14,17,14,16,13,16,photos/placeholder.png,photos\Fulham.png
Fulham,Alex Iwobi,9,14,16,11,13,9,8,13,4,13,11,11,14,9,13,10,13,13,15,15,15,8,14,14,15,13,15,14,13,15,12,14,13,16,12,photos/placeholder.png,photos\Fulham.png
Fulham,Rael Jimenez,6,11,13,13,12,8,13,13,6,13,16,9,14,17,13,13,14,14,12,16,9,8,14,10,15,11,16,13,12,14,15,13,14,12,13,photos/placeholder.png,photos\Fulham.png
Fulham,Saša Lukić,12,11,13,11,13,7,11,13,4,15,14,14,13,13,13,12,14,13,12,14,14,10,13,13,13,12,13,13,13,14,11,13,14,14,13,photos/placeholder.png,photos\Fulham.png
Fulham,Joeo Palhinha,5,11,12,9,13,4,15,13,10,14,10,18,14,14,16,17,15,16,15,15,6,14,13,17,15,13,15,11,10,14,15,12,15,15,16,photos/placeholder.png,photos\Fulham.png
Fulham,Andreas Pereira,16,14,12,11,15,14,6,13,2,12,14,11,16,14,11,11,11,13,10,18,16,12,13,12,15,15,16,14,14,14,7,14,15,13,9,photos/placeholder.png,photos\Fulham.png
Fulham,Tim Ream,3,9,11,6,13,6,14,7,7,13,3,15,13,12,14,16,14,13,14,15,10,18,12,15,18,13,16,11,12,14,13,11,17,15,13,photos/placeholder.png,photos\Fulham.png
Fulham,Harrison Reed,12,12,11,8,12,12,12,10,8,14,8,15,11,14,13,15,13,14,13,15,9,12,13,13,17,11,17,13,14,14,8,13,15,15,11,photos/placeholder.png,photos\Fulham.png
Fulham,Antonee Robinson,3,10,13,7,12,7,10,7,4,11,8,13,13,13,12,14,11,11,11,12,11,9,12,12,14,12,17,17,13,13,12,17,14,16,14,photos/placeholder.png,photos\Fulham.png
Fulham,Rodrigo Muniz,8,10,13,13,13,6,14,11,10,13,9,7,13,11,14,14,13,10,12,13,15,8,15,7,11,12,13,13,13,11,14,14,12,11,11,photos/placeholder.png,photos\Fulham.png
Fulham,Kenny Tete,7,14,10,7,12,7,11,10,12,13,7,16,12,11,14,14,12,11,14,14,9,8,11,14,15,10,16,15,11,14,12,14,14,15,14,photos/placeholder.png,photos\Fulham.png
Fulham,Adama Traore,6,12,18,10,10,8,11,11,7,11,9,7,12,12,9,11,10,8,6,14,18,5,9,10,9,8,9,19,15,15,14,19,12,10,17,photos/placeholder.png,photos\Fulham.png
Fulham,Willian,10,14,16,12,17,14,9,14,8,13,17,8,16,9,14,9,13,11,14,10,14,8,14,7,14,14,14,12,14,13,9,12,12,12,11,photos/placeholder.png,photos\Fulham.png
Fulham,Harry Wilson,14,16,16,13,16,14,5,16,3,15,14,9,16,11,12,12,12,9,12,15,15,12,12,8,13,15,13,14,14,14,6,14,12,11,8,photos/placeholder.png,photos\Fulham.png
Ipswich,Ali Al-Hamadi,5,7,11,13,8,5,9,6,2,8,8,7,14,11,10,10,11,8,8,15,12,8,14,4,13,8,13,16,13,13,12,16,15,13,12,photos/placeholder.png,photos\Ipswich.png
Ipswich,Sone Aluko,12,11,15,11,14,12,4,10,5,12,9,6,15,9,10,4,13,9,9,8,14,11,15,8,13,12,12,10,15,10,6,10,11,7,9,photos/placeholder.png,photos\Ipswich.png
Ipswich,Dominic Ball,5,9,9,8,11,5,13,10,5,11,6,14,11,12,13,15,11,13,11,10,4,14,6,14,16,9,15,12,11,13,14,11,12,14,14,photos/placeholder.png,photos\Ipswich.png
Ipswich,Nathan Broadhead,8,10,14,14,14,12,10,11,3,14,13,4,13,11,13,11,13,11,13,7,13,7,14,7,13,16,13,14,12,11,8,14,11,11,9,photos/placeholder.png,photos\Ipswich.png
Ipswich,Cameron Burgess,6,5,8,6,13,6,18,6,14,12,3,14,12,12,14,16,13,13,13,14,5,11,8,13,14,9,12,8,9,11,16,11,16,14,14,photos/placeholder.png,photos\Ipswich.png
Ipswich,Wes Burns,9,13,12,13,11,10,11,11,8,10,11,12,11,9,11,10,8,9,12,12,14,8,13,10,13,9,15,16,13,12,8,15,13,12,12,photos/placeholder.png,photos\Ipswich.png
Ipswich,Conor Chaplin,10,12,13,17,15,13,13,15,6,12,11,9,15,11,13,10,13,11,11,15,12,13,14,8,13,10,14,13,14,10,7,12,14,13,8,photos/placeholder.png,photos\Ipswich.png
Ipswich,Harry Clarke,6,12,12,9,12,4,13,10,18,11,8,14,10,13,12,13,11,12,11,14,6,13,9,12,14,8,17,15,11,9,13,15,14,12,13,photos/placeholder.png,photos\Ipswich.png
Ipswich,Leif Davis,17,16,13,6,14,14,11,6,11,13,6,13,12,9,14,13,13,12,12,12,11,5,12,13,14,11,15,15,13,12,12,14,15,16,10,photos/placeholder.png,photos\Ipswich.png
Ipswich,Janoi Donacien,3,10,10,4,10,3,13,4,13,9,7,14,9,12,13,11,9,10,9,12,2,10,7,13,13,8,14,12,13,11,13,13,13,14,13,photos/placeholder.png,photos\Ipswich.png
Ipswich,George Edmundson,4,6,9,8,12,7,16,4,13,11,6,12,11,11,14,14,12,11,10,13,6,12,7,12,13,11,15,13,9,11,16,14,11,13,13,photos/placeholder.png,photos\Ipswich.png
Ipswich,Marcus Harness,8,12,12,13,11,5,10,12,4,12,8,6,13,14,13,11,12,11,11,12,12,7,12,10,13,11,14,14,14,13,8,14,13,13,14,photos/placeholder.png,photos\Ipswich.png
Ipswich,George Hirst,8,9,11,13,13,9,15,10,10,11,13,10,12,14,11,13,12,11,11,14,9,8,14,13,3,9,16,13,9,12,15,15,11,15,15,photos/placeholder.png,photos\Ipswich.png
Ipswich,Omari Hutchinson,13,12,15,11,14,9,6,12,1,12,8,9,15,11,10,10,12,12,9,11,16,4,12,7,12,13,15,15,16,12,4,13,15,9,7,photos/placeholder.png,photos\Ipswich.png
Ipswich,Kayden Jackson,6,12,11,12,10,8,8,9,5,8,10,4,8,8,9,6,11,8,12,13,11,7,12,10,13,10,15,17,12,10,8,17,11,12,11,photos/placeholder.png,photos\Ipswich.png
Ipswich,Massimo Luongo,8,11,12,12,13,9,11,10,7,12,9,14,13,14,13,15,13,13,10,14,11,12,13,12,13,12,15,11,12,14,10,11,12,15,13,photos/placeholder.png,photos\Ipswich.png
Ipswich,Kieffer Moore,7,10,11,13,13,8,15,12,9,12,14,8,12,14,13,14,13,12,12,16,11,11,14,11,14,11,13,11,8,13,17,12,16,13,15,photos/placeholder.png,photos\Ipswich.png
Ipswich,Sam Morsy,6,7,13,9,15,10,10,10,9,14,5,16,13,16,14,16,14,12,13,17,6,18,11,12,14,11,15,11,12,15,7,11,15,15,15,photos/placeholder.png,photos\Ipswich.png
Ipswich,Jeremy Sarmiento,8,11,16,13,13,8,10,13,6,12,11,7,14,9,11,11,13,11,9,13,16,7,12,7,10,11,14,15,14,15,10,15,7,14,9,photos/placeholder.png,photos\Ipswich.png
Ipswich,Jack Taylor,11,12,11,13,11,9,10,13,3,12,10,12,13,12,11,13,13,12,11,10,10,9,14,10,14,12,16,12,9,10,12,11,14,15,12,photos/placeholder.png,photos\Ipswich.png
Ipswich,Lewis Travis,8,11,11,7,12,8,11,7,7,12,7,14,13,15,13,15,10,12,12,17,7,15,12,13,16,11,16,12,13,13,11,11,17,17,12,photos/placeholder.png,photos\Ipswich.png
Ipswich,Axel Tuanzebe,4,5,12,5,13,5,12,4,7,13,9,13,12,14,15,13,12,12,11,14,7,12,6,14,11,8,13,13,15,13,13,14,12,12,14,photos/placeholder.png,photos\Ipswich.png
Ipswich,Brandon Williams,4,11,12,10,13,2,10,6,7,12,6,15,12,17,12,17,11,11,10,16,8,9,12,12,14,6,15,15,14,14,10,14,15,14,11,photos/placeholder.png,photos\Ipswich.png
Ipswich,Luke Woolfenden,5,7,12,8,14,5,14,4,13,13,8,14,13,7,15,13,15,13,12,12,10,9,8,14,12,13,13,15,10,13,14,15,12,13,14,photos/placeholder.png,photos\Ipswich.png
Leicester,Marc Albrighton,13,15,11,11,13,12,5,10,7,14,10,12,12,13,12,14,12,15,10,14,11,13,13,14,17,13,17,11,11,11,6,11,15,14,9,photos/placeholder.png,photos\Leicester.png
Leicester,Tom Cannon,9,10,12,15,11,9,13,11,4,10,8,8,12,9,13,12,14,12,11,10,9,10,12,8,12,11,12,14,12,12,13,13,12,13,13,photos/placeholder.png,photos\Leicester.png
Leicester,Hamza Choudhury,6,9,11,6,12,7,11,9,11,12,8,15,12,17,12,13,12,12,11,14,11,12,8,11,14,11,15,13,12,13,11,12,14,16,11,photos/placeholder.png,photos\Leicester.png
Leicester,Conor Coady,5,7,10,9,13,7,14,9,8,14,10,13,14,13,12,16,14,13,13,17,6,18,12,14,14,13,16,12,12,14,13,11,15,13,13,photos/placeholder.png,photos\Leicester.png
Leicester,Patson Daka,6,8,10,15,13,7,10,11,6,10,9,8,12,5,12,13,13,13,10,16,11,9,11,11,13,12,14,16,14,13,12,16,13,12,11,photos/placeholder.png,photos\Leicester.png
Leicester,Kiernan Dewsbury-Hall,13,12,13,14,14,14,10,11,5,15,10,12,13,13,13,12,14,12,13,15,13,11,14,12,15,15,16,12,15,12,10,11,18,16,12,photos/placeholder.png,photos\Leicester.png
Leicester,Callum Doyle,9,13,11,7,12,9,14,11,9,14,9,13,12,13,13,13,14,12,13,13,9,11,8,14,14,14,13,12,11,10,14,12,12,14,15,photos/placeholder.png,photos\Leicester.png
Leicester,Wout Faes,8,10,11,6,12,8,15,8,5,12,5,16,12,13,16,13,14,12,12,14,11,12,8,12,13,14,14,12,11,13,14,12,12,13,15,photos/placeholder.png,photos\Leicester.png
Leicester,Abdul Fatawu,12,11,15,12,12,12,6,15,7,13,9,6,14,12,11,13,12,11,10,11,13,6,11,9,10,12,13,16,15,12,8,16,11,12,13,photos/placeholder.png,photos\Leicester.png
Leicester,Shane Flynn,8,11,11,8,9,10,10,7,8,9,13,11,10,7,10,8,10,10,10,6,7,7,6,11,12,8,14,13,10,8,9,12,13,14,11,photos/placeholder.png,photos\Leicester.png
Leicester,Kelechi Iheanacho,6,7,12,15,13,3,13,14,5,14,14,7,15,11,13,11,16,12,11,15,12,6,14,6,14,12,14,14,15,13,13,13,14,15,14,photos/placeholder.png,photos\Leicester.png
Leicester,James Justin,9,11,13,5,11,9,12,8,11,12,6,13,12,12,12,11,12,12,12,16,7,8,10,13,14,11,14,14,13,11,12,14,12,14,13,photos/placeholder.png,photos\Leicester.png
Leicester,Wanya Mareal,11,11,12,10,12,11,7,11,10,12,5,7,12,10,9,10,10,10,10,10,11,7,10,6,11,11,13,13,10,12,10,14,12,13,9,photos/placeholder.png,photos\Leicester.png
Leicester,Stephy Mavididi,12,10,14,13,14,10,11,12,1,12,10,5,14,12,13,13,12,12,11,13,13,5,14,8,13,11,14,15,14,14,14,16,13,15,13,photos/placeholder.png,photos\Leicester.png
Leicester,Kasey McAteer,11,12,13,13,12,11,7,12,11,13,7,8,13,8,14,10,12,12,11,6,12,4,14,10,13,12,16,14,12,9,8,14,13,14,11,photos/placeholder.png,photos\Leicester.png
Leicester,Wilfred Ndidi,9,10,13,11,13,10,13,13,10,14,8,14,13,13,15,13,14,13,12,13,11,11,12,13,15,14,16,12,13,11,15,12,11,14,13,photos/placeholder.png,photos\Leicester.png
Leicester,Ricardo Pereira,9,12,14,11,14,8,9,12,7,13,12,14,15,11,14,13,13,12,14,14,12,13,14,14,15,14,16,13,12,13,9,13,10,13,10,photos/placeholder.png,photos\Leicester.png
Leicester,Dennis Praet,12,13,13,11,14,12,8,12,12,15,10,12,14,12,12,13,13,15,14,13,15,9,13,11,14,13,12,12,10,10,9,11,14,13,12,photos/placeholder.png,photos\Leicester.png
Leicester,Harry Souttar,5,3,7,10,9,5,16,4,9,9,8,14,10,13,12,11,11,14,13,16,4,11,4,13,13,8,15,7,9,13,20,10,12,15,15,photos/placeholder.png,photos\Leicester.png
Leicester,Jamie Vardy,7,12,12,15,14,7,12,12,5,13,16,11,13,15,14,14,14,15,13,17,12,13,13,5,16,14,14,15,12,12,11,15,12,10,12,photos/placeholder.png,photos\Leicester.png
Leicester,Jannik Vestergaard,5,6,12,7,10,12,16,10,14,15,7,15,13,10,13,15,15,15,13,14,6,12,5,13,16,14,14,8,7,14,18,8,12,13,17,photos/placeholder.png,photos\Leicester.png
Leicester,Harry Winks,10,10,12,10,15,10,8,11,9,16,12,11,14,13,13,13,15,13,14,15,10,12,13,12,15,13,15,12,14,14,6,12,11,14,12,photos/placeholder.png,photos\Leicester.png
Leicester,Yunus Akgen,11,12,15,11,13,10,9,12,5,13,10,4,15,12,10,12,13,10,10,12,16,8,12,6,13,13,13,15,18,11,6,14,14,12,7,photos/placeholder.png,photos\Leicester.png
Liverpool,Trent Alexander-Arnold,14,17,12,8,17,14,11,12,14,18,12,12,17,12,14,11,16,12,14,13,13,13,15,10,16,17,13,14,14,14,11,14,15,14,14,photos/placeholder.png,photos\Liverpool.png
Liverpool,Conor Bradley,7,14,11,10,13,6,7,8,7,13,7,12,13,13,13,11,13,12,10,14,11,7,12,12,13,11,13,16,15,14,9,16,14,13,8,photos/placeholder.png,photos\Liverpool.png
Liverpool,Luis Deaz,9,12,17,14,18,10,13,13,3,14,7,5,18,11,13,11,14,13,13,15,18,4,15,8,13,14,14,17,17,14,10,16,14,13,10,photos/placeholder.png,photos\Liverpool.png
Liverpool,Diogo Jota,7,12,15,16,14,9,14,11,5,13,11,9,15,13,14,12,14,13,14,17,15,5,14,9,14,13,14,16,15,13,11,15,14,13,11,photos/placeholder.png,photos\Liverpool.png
Liverpool,Harvey Elliott,12,15,14,9,17,12,7,10,7,17,12,10,16,13,14,14,15,15,15,16,14,10,16,10,17,16,17,12,16,15,7,12,11,14,11,photos/placeholder.png,photos\Liverpool.png
Liverpool,Wataru Endo,6,8,12,10,13,6,15,11,8,13,11,15,13,14,14,16,14,16,13,18,10,16,13,15,19,13,17,12,12,15,12,12,17,17,12,photos/placeholder.png,photos\Liverpool.png
Liverpool,Cody Gakpo,14,14,15,13,15,12,12,14,5,14,11,7,14,9,13,11,15,14,12,14,14,13,14,8,14,13,14,15,15,14,12,14,12,13,12,photos/placeholder.png,photos\Liverpool.png
Liverpool,Joe Gomez,4,13,11,2,15,5,15,3,16,14,4,15,14,14,13,15,14,14,14,13,5,10,11,15,16,7,14,16,15,14,14,16,15,15,15,photos/placeholder.png,photos\Liverpool.png
Liverpool,Ryan Gravenberch,13,12,14,10,15,13,12,13,6,15,10,12,15,11,13,13,14,12,13,15,15,8,14,11,12,14,12,13,15,14,14,13,13,14,13,photos/placeholder.png,photos\Liverpool.png
Liverpool,Curtis Jones,11,13,16,11,16,11,8,12,7,15,13,11,15,12,15,11,15,14,14,15,14,11,15,11,17,15,15,14,15,14,9,13,14,14,11,photos/placeholder.png,photos\Liverpool.png
Liverpool,Ibrahima Konate,3,5,13,4,14,6,16,5,12,13,7,16,14,15,14,15,14,15,14,15,8,10,7,15,14,9,14,14,13,16,17,16,14,13,17,photos/placeholder.png,photos\Liverpool.png
Liverpool,Alexis Mac Allister,14,14,13,14,16,16,10,15,8,16,16,14,16,15,15,14,16,15,16,14,14,11,14,14,16,16,15,13,12,12,8,13,14,14,12,photos/placeholder.png,photos\Liverpool.png
Liverpool,Joel Matip,4,7,15,5,15,5,16,3,8,14,5,15,14,13,15,14,15,15,15,14,11,8,10,16,15,11,14,13,14,12,16,14,13,14,14,photos/placeholder.png,photos\Liverpool.png
Liverpool,Darwin Neeez,4,13,13,14,12,9,12,13,4,11,14,9,15,16,13,13,12,12,13,17,16,6,16,7,15,15,16,17,14,13,14,17,15,14,14,photos/placeholder.png,photos\Liverpool.png
Liverpool,Matteo Ritaccio,5,7,13,9,14,7,7,7,4,9,7,9,11,8,9,8,8,9,14,8,12,6,12,9,7,13,11,10,8,5,8,7,13,6,4,photos/placeholder.png,photos\Liverpool.png
Liverpool,Andrew Robertson,14,16,12,5,15,9,10,5,13,14,7,15,14,17,14,15,15,14,15,16,11,15,14,13,16,12,17,16,14,13,9,16,17,18,12,photos/placeholder.png,photos\Liverpool.png
Liverpool,Mohamed Salah,11,16,16,16,17,12,10,13,6,15,17,6,17,11,16,10,15,14,16,18,15,11,17,8,16,17,16,18,16,17,8,17,17,15,15,photos/placeholder.png,photos\Liverpool.png
Liverpool,Dominik Szoboszlai,16,13,13,11,15,16,7,15,5,16,16,10,16,12,13,12,14,12,13,16,16,13,14,9,14,15,15,14,12,13,11,17,15,16,11,photos/placeholder.png,photos\Liverpool.png
Liverpool,Thiago,11,13,16,8,18,12,10,11,5,17,12,14,18,14,16,12,17,14,15,15,17,13,15,13,15,18,15,13,17,15,10,11,12,14,9,photos/placeholder.png,photos\Liverpool.png
Liverpool,Kostas Tsimikas,14,16,15,6,15,14,8,8,11,15,11,15,15,14,14,14,15,13,14,15,13,9,14,14,16,14,16,15,14,14,10,15,14,15,12,photos/placeholder.png,photos\Liverpool.png
Liverpool,Virgil van Dijk,3,6,13,8,17,13,17,7,8,16,11,17,16,16,16,15,17,16,16,16,11,17,8,16,16,14,15,15,12,15,17,15,17,15,17,photos/placeholder.png,photos\Liverpool.png
Liverpool,Rhys Williams,3,5,11,7,11,6,15,4,11,12,5,13,11,12,11,13,12,11,11,14,4,9,6,13,13,7,12,11,9,10,16,12,11,12,13,photos/placeholder.png,photos\Liverpool.png
Newcastle,Miguel Almiren,10,10,14,12,12,10,6,10,4,12,11,12,12,7,14,12,10,12,11,16,13,6,15,14,15,13,20,16,16,13,6,17,15,15,10,photos/placeholder.png,photos\Newcastle.png
Newcastle,Elliot Anderson,10,11,13,12,13,12,9,12,3,13,11,10,13,14,12,14,13,12,12,8,13,8,12,12,15,12,15,14,12,13,8,12,11,13,12,photos/placeholder.png,photos\Newcastle.png
Newcastle,Harvey Barnes,9,13,16,12,14,11,8,14,7,11,8,7,14,9,12,9,11,9,12,12,15,7,12,4,12,13,12,15,15,13,10,16,13,13,12,photos/placeholder.png,photos\Newcastle.png
Newcastle,Sven Botman,7,8,10,6,13,3,15,6,9,14,11,16,13,10,15,17,15,15,15,15,8,14,9,16,16,11,15,12,9,14,15,12,12,15,17,photos/placeholder.png,photos\Newcastle.png
Newcastle,Bruno Guimarees,11,12,16,13,18,12,11,12,5,18,11,14,18,18,16,15,18,15,15,14,14,12,14,16,15,17,16,13,13,15,12,11,14,14,14,photos\Bruno Guimarees.png,photos\Newcastle.png
Newcastle,Dan Burn,7,9,9,9,12,4,14,4,13,13,5,15,12,15,15,17,13,14,14,16,8,13,9,15,17,10,17,9,8,8,19,12,12,15,16,photos\Dan Burn.png,photos\Newcastle.png
Newcastle,Paul Dummett,10,12,10,5,11,10,14,5,6,10,3,15,10,15,14,15,11,14,12,12,6,12,12,14,17,8,15,14,11,12,12,13,11,15,13,photos/placeholder.png,photos\Newcastle.png
Newcastle,Anthony Gordon,11,13,15,11,13,12,7,13,5,12,12,11,14,13,12,13,13,12,13,17,15,9,13,6,14,11,15,17,14,13,11,16,10,14,9,photos/placeholder.png,photos\Newcastle.png
Newcastle,Alexander Isak,7,9,17,15,15,8,12,10,6,13,16,6,17,11,15,13,15,12,14,14,17,7,16,6,14,15,14,17,15,15,14,16,14,14,12,photos/placeholder.png,photos\Newcastle.png
Newcastle,Joelinton,7,11,16,11,15,8,16,10,6,13,11,15,14,17,14,20,14,13,15,15,14,13,14,14,19,13,20,12,10,15,15,14,12,18,18,photos/placeholder.png,photos\Newcastle.png
Newcastle,Emil Krafth,8,13,11,7,11,9,12,10,10,12,7,13,13,11,13,13,12,12,12,13,8,8,12,13,13,14,14,14,13,15,12,15,12,14,13,photos/placeholder.png,photos\Newcastle.png
Newcastle,Jamaal Lascelles,3,4,8,5,11,3,15,3,3,10,3,15,10,15,13,15,11,11,13,14,4,17,8,12,15,4,15,11,10,11,15,13,16,14,16,photos/placeholder.png,photos\Newcastle.png
Newcastle,Tino Livramento,7,14,14,7,13,7,11,5,9,13,7,14,14,12,13,12,11,10,13,15,12,10,12,13,12,10,14,16,12,13,11,15,14,14,12,photos/placeholder.png,photos\Newcastle.png
Newcastle,Sean Longstaff,11,11,13,12,14,11,11,11,8,12,5,15,13,13,14,18,13,14,13,15,10,11,14,16,16,12,18,11,11,13,11,12,15,17,12,photos/placeholder.png,photos\Newcastle.png
Newcastle,Lewis Miley,9,10,12,11,13,10,12,12,8,13,10,12,13,13,14,13,12,13,13,17,12,8,13,12,14,13,15,14,11,12,13,12,15,12,12,photos/placeholder.png,photos\Newcastle.png
Newcastle,Jacob Murphy,12,14,15,11,13,13,4,11,5,11,5,8,13,9,13,11,11,10,12,15,13,6,12,8,11,12,18,15,14,13,7,16,13,12,10,photos/placeholder.png,photos\Newcastle.png
Newcastle,Matt Ritchie,12,14,11,13,12,13,8,12,5,13,15,12,12,15,11,15,12,12,12,14,10,15,11,12,15,12,18,11,11,13,6,11,16,13,11,photos/placeholder.png,photos\Newcastle.png
Newcastle,Fabian Scher,6,9,12,10,15,12,15,12,8,16,14,16,13,17,15,15,16,14,13,12,9,11,9,15,16,15,12,10,10,12,14,13,12,13,15,photos/placeholder.png,photos\Newcastle.png
Newcastle,Matthew Targett,12,13,12,10,13,10,12,6,10,13,7,13,12,12,13,12,13,13,13,14,10,9,14,13,14,13,14,14,13,14,12,13,13,14,14,photos/placeholder.png,photos\Newcastle.png
Newcastle,Sandro Tonali,14,13,13,9,15,13,9,12,9,14,12,15,15,15,15,16,15,15,14,16,12,14,13,14,17,14,16,13,14,15,9,14,14,15,14,photos/placeholder.png,photos\Newcastle.png
Newcastle,Kieran Trippier,17,16,12,9,15,16,12,12,11,16,5,15,16,12,15,13,15,13,16,15,8,18,15,14,17,16,17,13,12,14,9,13,16,16,13,photos/placeholder.png,photos\Newcastle.png
Newcastle,Joe Willock,7,11,15,12,14,10,7,11,4,15,9,10,14,10,14,13,14,14,13,13,15,4,16,9,16,15,16,17,17,13,8,15,14,15,12,photos/placeholder.png,photos\Newcastle.png
Newcastle,Callum Wilson,6,8,13,18,13,6,12,10,4,13,16,7,13,10,15,14,17,13,15,15,11,13,16,8,14,12,18,16,14,14,10,12,12,13,16,photos/placeholder.png,photos\Newcastle.png
Southampton,Che Adams,6,10,14,12,14,6,11,13,4,15,11,8,14,11,13,13,11,10,12,14,11,7,15,9,16,15,16,14,14,13,11,15,16,14,16,photos/placeholder.png,photos\Southampton.png
Southampton,Sam Amo-Ameyaw,6,10,14,10,12,7,7,8,5,11,7,7,13,7,11,9,13,9,11,15,14,7,9,7,10,11,11,14,11,12,7,14,12,11,7,photos/placeholder.png,photos\Southampton.png
Southampton,Joe Aribo,10,10,16,14,18,8,8,12,6,12,9,10,15,7,16,8,15,10,12,11,15,5,14,9,11,14,13,11,14,15,13,11,14,14,15,photos/placeholder.png,photos\Southampton.png
Southampton,Adam Armstrong,7,8,12,13,13,12,8,12,4,10,13,5,13,7,13,11,10,11,13,13,11,6,13,6,13,10,12,17,14,10,8,17,14,14,7,photos/placeholder.png,photos\Southampton.png
Southampton,Stuart Armstrong,14,12,16,14,14,14,10,15,5,14,12,11,14,11,14,12,12,14,14,14,12,14,14,10,16,14,14,12,10,10,10,12,12,12,12,photos/placeholder.png,photos\Southampton.png
Southampton,Jan Bednarek,2,7,9,7,11,3,14,5,5,12,5,14,13,12,14,17,12,14,14,13,8,13,5,14,14,9,15,13,12,13,14,13,17,17,15,photos/placeholder.png,photos\Southampton.png
Southampton,James Bree,8,13,12,6,12,11,11,8,12,11,7,13,12,10,11,12,12,13,12,14,9,10,12,14,14,10,16,13,12,12,13,13,12,13,12,photos/placeholder.png,photos\Southampton.png
Southampton,David Brooks,9,11,15,13,14,10,8,8,4,14,8,9,15,6,14,6,14,9,12,14,17,5,15,8,12,15,15,14,16,15,6,15,11,11,7,photos/placeholder.png,photos\Southampton.png
Southampton,Shea Charles,7,7,10,7,13,8,13,8,9,13,7,13,13,13,13,13,14,12,13,15,9,10,12,13,14,13,14,12,11,12,13,12,14,14,13,photos/placeholder.png,photos\Southampton.png
Southampton,Flynn Downes,9,7,13,8,14,8,9,7,8,13,8,15,13,16,15,13,15,13,13,15,8,10,10,15,14,12,15,13,13,14,10,13,14,15,13,photos/placeholder.png,photos\Southampton.png
Southampton,Samuel Edozie,7,10,15,11,12,7,6,8,4,12,7,10,14,9,6,11,10,10,12,13,16,6,12,9,12,10,15,15,14,14,11,16,14,15,9,photos/placeholder.png,photos\Southampton.png
Southampton,Ryan Fraser,13,13,13,13,13,12,2,12,2,14,6,7,12,7,13,13,12,10,12,13,12,10,15,10,13,11,17,15,13,14,3,13,12,12,11,photos/placeholder.png,photos\Southampton.png
Southampton,Taylor Harwood-Bellis,7,14,9,7,10,5,14,11,10,12,6,13,12,12,12,12,14,13,11,15,5,13,6,15,13,10,13,12,12,12,14,13,14,12,14,photos/placeholder.png,photos\Southampton.png
Southampton,Juan Larios,7,12,13,7,11,9,9,8,6,13,7,12,14,12,11,12,11,10,11,15,11,9,9,10,15,11,15,16,15,13,6,15,12,12,8,photos/placeholder.png,photos\Southampton.png
Southampton,Ryan Manning,13,14,13,8,12,13,9,12,4,12,14,14,13,16,13,16,13,13,12,14,13,10,13,11,15,14,14,12,14,11,9,11,14,15,11,photos/placeholder.png,photos\Southampton.png
Southampton,Sekou Mara,6,6,14,13,12,9,13,11,6,13,10,7,13,9,13,13,13,14,12,17,12,8,14,9,14,14,14,14,12,11,12,14,12,12,13,photos/placeholder.png,photos\Southampton.png
Southampton,Alex McCarthy,6,3,3,3,10,9,5,1,3,8,2,2,10,7,13,12,9,10,11,15,3,7,7,15,12,9,11,9,13,12,17,9,13,13,15,photos/placeholder.png,photos\Southampton.png
Southampton,Joe Rothwell,13,10,15,11,13,11,6,11,4,13,11,12,15,10,12,12,9,11,10,15,14,9,14,10,15,14,16,16,14,15,10,14,16,14,11,photos/placeholder.png,photos\Southampton.png
Southampton,Will Smallbone,9,12,13,10,14,9,9,9,6,14,9,11,14,7,13,7,13,13,13,13,12,9,13,11,14,16,14,12,13,13,11,12,12,14,9,photos/placeholder.png,photos\Southampton.png
Southampton,Jack Stephens,9,10,11,7,13,10,14,8,10,13,9,14,13,13,14,14,14,13,13,14,11,16,10,13,13,12,12,10,11,10,14,11,13,13,14,photos/placeholder.png,photos\Southampton.png
Southampton,Ross Stewart,5,11,10,14,13,5,14,10,7,10,14,9,12,9,11,14,13,11,13,15,8,11,14,12,15,11,14,12,12,12,16,12,14,14,13,photos/placeholder.png,photos\Southampton.png
Southampton,Kamaldeen Sulemana,8,11,15,14,12,6,5,12,2,11,10,3,16,9,12,11,12,9,12,13,17,3,14,5,9,12,12,18,15,8,8,18,12,8,7,photos/placeholder.png,photos\Southampton.png
Southampton,Jake Vokins,8,12,13,6,11,13,8,10,6,11,6,9,13,9,9,8,9,9,10,11,9,8,9,9,11,9,12,13,13,10,6,13,13,14,7,photos/placeholder.png,photos\Southampton.png
Southampton,Kyle Walker-Peters,10,14,16,10,14,6,10,8,5,12,8,14,13,12,13,12,13,11,13,14,11,8,14,14,15,12,16,14,14,14,6,14,18,16,11,photos/placeholder.png,photos\Southampton.png
Tottenham,Rodrigo Bentancur,12,12,14,10,15,12,12,11,7,16,8,16,14,16,15,13,15,13,14,12,11,10,10,16,15,14,16,12,14,15,13,13,14,15,14,photos/placeholder.png,photos\Tottenham.png
Tottenham,Yves Bissouma,8,11,16,9,16,13,12,13,7,14,13,17,15,13,15,14,17,14,14,14,14,11,12,14,15,10,16,16,14,13,12,14,14,16,15,photos/placeholder.png,photos\Tottenham.png
Tottenham,Ben Davies,11,12,12,8,13,13,15,7,11,14,10,15,13,13,15,18,13,11,14,15,9,12,13,13,15,12,16,12,13,13,12,13,14,16,14,photos/placeholder.png,photos\Tottenham.png
Tottenham,Radu Drăguşin,6,12,10,6,14,6,16,6,10,13,6,15,13,14,13,13,11,12,12,14,10,12,9,14,11,10,12,14,13,14,15,14,14,15,15,photos/placeholder.png,photos\Tottenham.png
Tottenham,Emerson Royal,12,9,9,12,13,8,11,11,14,12,11,15,12,8,12,13,11,13,12,13,12,11,12,14,15,12,16,14,14,13,11,15,13,15,15,photos/placeholder.png,photos\Tottenham.png
Tottenham,Bryan Gil,10,14,16,13,13,10,8,11,6,12,10,5,14,10,13,9,11,11,12,15,17,7,14,5,10,13,12,16,15,14,7,14,12,13,8,photos/placeholder.png,photos\Tottenham.png
Tottenham,Pierre-Emile Hejbjerg,12,12,11,11,14,13,8,9,10,12,13,15,14,17,15,15,14,14,12,18,11,17,13,12,16,13,17,11,11,14,12,14,20,18,15,photos/placeholder.png,photos\Tottenham.png
Tottenham,Brennan Johnson,8,14,14,13,13,11,8,10,5,14,14,6,13,6,12,12,13,10,13,12,13,10,13,8,12,12,13,16,13,13,8,15,14,14,11,photos/placeholder.png,photos\Tottenham.png
Tottenham,Dejan Kulusevski,11,14,16,11,15,9,7,11,4,17,11,7,16,7,15,8,13,12,15,15,15,6,15,6,15,16,15,13,14,17,12,14,14,18,16,photos/placeholder.png,photos\Tottenham.png
Tottenham,Giovani Lo Celso,11,12,14,11,15,13,10,13,8,16,14,14,16,12,13,14,15,11,13,15,15,10,14,12,16,14,14,13,14,15,9,12,11,13,11,photos/placeholder.png,photos\Tottenham.png
Tottenham,Brooklyn Lyons-Foster,5,7,11,5,11,7,8,5,7,12,7,9,12,8,10,9,12,9,11,3,8,7,12,9,14,11,12,14,12,12,11,14,9,13,9,photos/placeholder.png,photos\Tottenham.png
Tottenham,James Maddison,12,14,17,14,15,16,5,14,4,16,14,11,17,8,13,12,15,12,14,15,16,12,14,11,13,17,14,13,16,17,8,13,15,13,10,photos/placeholder.png,photos\Tottenham.png
Tottenham,Pedro Porro,13,17,15,11,15,13,8,14,11,16,12,14,15,15,12,17,12,12,13,16,17,8,16,13,12,15,13,16,16,13,8,15,17,15,12,photos/placeholder.png,photos\Tottenham.png
Tottenham,Richarlison,10,11,13,13,12,9,14,11,8,12,12,12,15,15,12,13,11,12,10,14,14,9,12,10,13,10,16,15,14,12,11,15,15,17,13,photos/placeholder.png,photos\Tottenham.png
Tottenham,Cristian Romero,5,6,9,8,13,4,16,5,4,14,8,18,14,20,18,15,16,15,15,16,8,16,6,16,14,11,17,14,14,14,14,14,15,14,15,photos/placeholder.png,photos\Tottenham.png
Tottenham,Pape Matar Sarr,7,7,13,9,15,8,10,10,8,14,9,13,14,11,16,16,15,15,14,16,13,10,13,14,14,14,14,14,14,15,12,13,14,17,15,photos/placeholder.png,photos\Tottenham.png
Tottenham,Ryan Sessegnon,7,12,12,12,10,9,7,11,6,12,8,12,14,4,13,7,13,12,11,12,14,7,15,12,14,14,15,15,14,13,8,15,17,16,8,photos/placeholder.png,photos\Tottenham.png
Tottenham,Oliver Skipp,8,6,10,7,13,7,12,9,6,14,7,16,12,15,15,17,15,11,13,14,7,11,13,13,15,12,17,13,12,13,9,14,15,16,14,photos/placeholder.png,photos\Tottenham.png
Tottenham,Manor Solomon,10,14,17,13,14,14,8,13,10,14,2,8,15,7,13,11,15,12,12,15,11,9,12,8,10,12,10,13,13,13,7,14,13,14,13,photos/placeholder.png,photos\Tottenham.png
Tottenham,Heung-Min Son,12,12,12,18,13,13,8,16,6,13,9,6,17,8,17,6,17,11,15,14,13,17,17,7,14,12,17,16,14,12,10,16,16,16,10,photos/placeholder.png,photos\Tottenham.png
Tottenham,Destiny Udogie,7,13,13,11,12,7,12,10,12,14,10,13,13,10,13,12,14,14,12,14,12,8,13,13,14,12,15,16,14,14,13,16,14,16,14,photos/placeholder.png,photos\Tottenham.png
Tottenham,Micky van de Ven,3,11,13,7,12,3,13,7,14,13,6,14,13,14,13,16,13,13,13,17,13,14,10,14,13,12,15,16,12,14,15,19,16,13,15,photos/placeholder.png,photos\Tottenham.png
Tottenham,Timo Werner,8,8,12,11,12,8,12,12,6,11,16,7,12,14,14,12,11,9,11,13,12,7,16,6,12,11,16,18,14,11,11,17,14,15,11,photos/placeholder.png,photos\Tottenham.png
United,Sofyan Amrabat,10,6,14,7,13,6,6,10,4,14,13,15,13,18,15,14,15,14,14,15,12,12,12,13,15,13,17,13,13,16,9,14,15,15,14,photos/placeholder.png,photos\United.png
United,Antony,10,14,16,12,16,13,6,14,6,14,13,8,16,14,12,14,12,12,9,14,17,8,13,9,14,13,17,13,17,14,7,15,15,17,7,photos/placeholder.png,photos\United.png
United,Casemiro,10,11,11,11,14,10,16,14,10,14,13,16,14,18,17,17,12,15,13,17,12,17,13,16,17,13,16,11,11,15,14,12,12,14,17,photos/placeholder.png,photos\United.png
United,Diogo Dalot,9,13,13,8,14,6,12,7,13,13,10,13,13,13,14,12,13,12,12,13,11,8,13,14,14,11,15,14,14,13,13,14,15,15,13,photos/placeholder.png,photos\United.png
United,Amad Diallo,10,11,16,13,16,12,4,15,2,15,8,3,15,12,11,7,10,8,8,17,16,5,12,5,7,13,11,16,16,13,6,15,15,10,8,photos/placeholder.png,photos\United.png
United,Christian Eriksen,15,15,11,14,18,15,3,14,3,17,16,6,17,7,14,6,15,14,16,16,14,8,13,7,17,17,12,10,12,12,8,11,17,12,7,photos/placeholder.png,photos\United.png
United,Jonny Evans,4,5,10,6,12,4,15,3,9,14,5,15,13,12,16,14,15,15,13,15,3,15,6,15,14,13,14,11,10,14,15,10,10,12,14,photos/placeholder.png,photos\United.png
United,Bruno Fernandes,16,16,11,15,17,16,10,16,4,18,19,8,17,18,17,17,14,13,13,17,17,17,17,8,15,18,17,13,15,13,9,13,20,19,10,photos/placeholder.png,photos\United.png
United,Alejandro Garnacho,6,12,15,14,14,10,5,10,2,12,14,5,14,13,10,13,13,10,10,14,16,4,14,4,10,11,14,17,15,13,9,17,14,15,10,photos/placeholder.png,photos\United.png
United,Rasmus Hejlund,6,11,13,14,14,7,13,10,5,13,9,7,14,14,14,15,12,10,11,16,13,8,14,5,14,11,17,14,12,16,15,17,13,14,15,photos/placeholder.png,photos\United.png
United,Victor Lindelef,3,10,12,7,14,6,13,4,10,13,12,14,14,8,14,9,13,14,14,12,7,10,8,15,14,12,13,13,13,13,14,13,16,16,13,photos/placeholder.png,photos\United.png
United,Harry Maguire,5,7,10,8,13,8,17,7,10,13,14,15,13,12,13,17,13,12,12,11,9,15,7,16,14,12,12,10,8,13,17,12,17,17,17,photos/placeholder.png,photos\United.png
United,Kobbie Mainoo,9,9,14,10,14,6,10,8,4,14,11,11,15,13,13,13,15,12,14,13,11,7,13,13,15,13,14,13,15,15,9,13,15,14,11,photos/placeholder.png,photos\United.png
United,Tyrell Malacia,7,13,12,7,13,9,9,8,12,12,7,13,13,15,13,16,13,11,14,16,10,9,13,13,15,10,17,15,17,13,8,15,16,15,7,photos/placeholder.png,photos\United.png
United,Anthony Martial,5,9,15,15,16,8,12,12,4,14,15,5,16,5,13,8,15,11,13,6,15,6,12,6,14,10,6,13,15,16,9,14,12,14,13,photos/placeholder.png,photos\United.png
United,Lisandro Martenez,6,9,11,7,14,8,14,6,12,15,10,16,15,17,16,17,16,14,14,17,10,13,10,16,14,14,15,13,13,14,12,13,15,15,15,photos/placeholder.png,photos\United.png
United,Scott McTominay,5,12,12,15,13,5,14,12,10,13,7,14,12,17,12,16,11,14,11,18,6,14,15,10,18,9,15,13,14,15,17,14,17,19,15,photos/placeholder.png,photos\United.png
United,Mason Mount,15,12,11,14,15,14,8,12,4,14,15,11,14,15,14,15,14,12,14,18,13,11,17,14,18,12,20,14,13,10,9,15,15,19,10,photos/placeholder.png,photos\United.png
United,Marcus Rashford,6,13,15,16,14,13,12,13,3,14,16,3,15,13,14,9,13,13,11,15,18,12,16,4,12,13,8,18,16,16,12,17,17,15,15,photos/placeholder.png,photos\United.png
United,Luke Shaw,15,14,14,8,15,14,13,6,10,15,8,13,14,13,15,13,15,14,15,10,10,13,15,15,15,13,14,15,15,15,13,15,13,15,16,photos/placeholder.png,photos\United.png
United,Raphael Varane,3,4,8,6,13,4,17,2,7,13,10,16,12,11,17,13,12,15,13,14,5,14,4,16,14,6,12,15,14,11,17,15,15,14,15,photos/placeholder.png,photos\United.png
United,Aaron Wan-Bissaka,5,11,13,5,12,4,8,5,10,11,5,20,11,15,12,18,12,12,12,10,12,6,12,12,15,6,14,17,18,15,10,15,15,15,13,photos/placeholder.png,photos\United.png
West Ham,Nayef Aguerd,3,9,10,12,12,4,16,7,11,13,9,16,13,11,14,14,15,14,14,12,5,11,9,15,12,13,12,13,12,13,16,14,12,13,12,photos/placeholder.png,photos\West Ham.png
West Ham,Edson elvarez,5,7,8,11,14,6,14,8,9,14,11,15,13,19,16,16,14,15,14,13,12,14,13,15,16,14,16,12,13,15,15,12,15,16,12,photos/placeholder.png,photos\West Ham.png
West Ham,Michail Antonio,8,11,13,11,12,6,15,9,15,11,10,8,13,13,13,13,11,11,12,14,14,9,13,9,14,11,14,15,14,15,12,15,13,13,15,photos/placeholder.png,photos\West Ham.png
West Ham,Jarrod Bowen,13,14,14,13,15,12,10,14,4,13,13,8,14,8,14,8,15,10,14,17,14,5,16,8,15,13,17,15,15,11,8,15,14,15,8,photos/placeholder.png,photos\West Ham.png
West Ham,Maxwel Cornet,12,11,11,14,11,11,11,10,10,12,10,11,12,8,10,13,12,11,10,14,12,6,10,10,13,11,14,15,13,12,10,15,15,13,12,photos/placeholder.png,photos\West Ham.png
West Ham,Vladimer Coufal,7,13,9,10,11,8,15,10,15,10,12,15,10,14,11,17,11,15,13,17,6,12,11,13,14,9,16,13,13,16,10,13,14,16,14,photos/placeholder.png,photos\West Ham.png
West Ham,Aaron Cresswell,14,14,12,8,13,15,11,14,11,12,13,13,13,8,13,13,15,13,14,13,12,12,13,13,16,12,14,12,13,13,8,13,15,15,10,photos/placeholder.png,photos\West Ham.png
West Ham,Emerson,12,14,14,7,15,10,9,14,10,12,4,13,14,11,14,12,14,12,12,14,14,8,15,12,13,12,14,15,15,15,9,15,13,14,13,photos/placeholder.png,photos\West Ham.png
West Ham,Danny Ings,4,11,12,15,13,10,13,12,3,13,13,11,15,13,13,14,13,14,12,18,14,14,14,10,16,14,15,13,14,15,11,13,13,14,13,photos/placeholder.png,photos\West Ham.png
West Ham,Ben Johnson,6,13,12,10,12,5,11,9,11,10,3,14,12,12,14,14,13,14,13,14,8,14,13,13,15,10,14,13,14,13,12,13,11,14,12,photos/placeholder.png,photos\West Ham.png
West Ham,Mohammed Kudus,10,10,15,14,15,14,9,10,11,14,13,6,16,15,14,14,15,12,12,13,16,6,13,7,14,12,15,15,15,14,8,14,14,14,14,photos/placeholder.png,photos\West Ham.png
West Ham,Lucas Paquete,12,12,15,12,16,12,12,13,6,14,15,12,17,13,13,16,14,12,12,13,17,11,14,10,12,15,14,13,16,14,11,13,13,13,14,photos/placeholder.png,photos\West Ham.png
West Ham,Konstantinos Mavropanos,2,8,12,7,11,2,15,11,16,13,6,16,12,16,14,18,12,12,12,18,12,12,10,13,12,12,17,13,11,15,16,16,13,12,16,photos/placeholder.png,photos\West Ham.png
West Ham,Angelo Ogbonna,2,5,10,4,12,2,15,5,9,11,7,13,12,16,15,15,14,14,14,14,10,13,9,16,13,10,13,11,10,15,15,12,12,15,15,photos/placeholder.png,photos\West Ham.png
West Ham,Kalvin Phillips,13,12,11,9,13,13,11,11,5,15,10,16,13,16,14,15,13,14,13,16,10,10,11,15,15,14,16,13,13,14,11,14,18,17,14,photos/placeholder.png,photos\West Ham.png
West Ham,Tomeš Souček,2,8,10,14,9,2,18,12,2,10,13,15,11,15,14,17,15,15,15,16,5,12,14,15,17,10,18,13,9,15,17,12,18,19,16,photos/placeholder.png,photos\West Ham.png
West Ham,James Ward-Prowse,20,18,10,12,13,20,7,11,6,15,13,13,15,15,13,13,14,13,13,17,11,18,13,12,17,15,19,10,12,13,7,11,20,20,12,photos/placeholder.png,photos\West Ham.png
West Ham,Kurt Zouma,4,9,9,8,11,4,17,6,8,11,7,15,10,15,13,14,11,12,14,16,7,13,8,14,13,8,15,15,11,18,18,15,12,14,20,photos/placeholder.png,photos\West Ham.png
Wolves,Rayan Aet-Nouri,11,14,15,10,14,7,11,9,8,13,8,14,15,11,13,13,14,12,12,15,16,7,14,14,12,13,13,14,13,12,10,15,12,13,11,photos/placeholder.png,photos\Wolves.png
Wolves,Jean-Ricner Bellegarde,9,12,16,9,14,10,8,12,6,15,12,9,15,10,13,11,12,11,12,14,13,7,12,8,13,11,14,15,14,12,7,15,13,14,15,photos/placeholder.png,photos\Wolves.png
Wolves,Hugo Bueno,11,13,13,9,10,11,10,10,3,11,5,10,13,11,12,13,13,11,12,15,14,10,13,11,12,12,13,13,14,14,10,13,13,13,11,photos/placeholder.png,photos\Wolves.png
Wolves,Santiago Bueno,4,7,8,7,12,5,14,9,8,12,8,14,10,14,14,13,12,14,13,13,7,6,6,14,14,9,13,11,11,12,14,13,11,14,13,photos/placeholder.png,photos\Wolves.png
Wolves,Craig Dawson,2,12,9,10,12,2,18,6,4,11,10,15,11,15,14,17,11,13,13,17,7,14,6,15,15,9,12,10,10,11,16,11,18,15,15,photos/placeholder.png,photos\Wolves.png
Wolves,Matt Doherty,7,12,15,12,13,10,13,10,13,13,8,13,13,11,13,13,13,14,14,14,12,12,16,13,14,13,13,13,11,13,13,13,15,14,14,photos/placeholder.png,photos\Wolves.png
Wolves,Tommy Doyle,14,13,11,11,13,13,7,11,5,14,13,12,14,13,13,14,13,11,12,16,11,14,12,12,13,14,14,13,13,13,9,13,13,13,12,photos/placeholder.png,photos\Wolves.png
Wolves,Hwang Hee-Chan,8,10,14,15,10,8,11,10,4,11,12,8,12,16,12,14,13,12,11,15,13,8,14,9,15,12,16,15,14,13,11,14,13,14,12,photos/placeholder.png,photos\Wolves.png
Wolves,Joeo Gomes,10,10,13,10,13,7,10,12,11,13,10,15,13,16,13,16,14,13,12,16,12,8,14,15,16,12,16,13,13,12,11,13,15,13,13,photos/placeholder.png,photos\Wolves.png
Wolves,Max Kilman,4,11,13,6,13,10,16,7,7,14,2,14,15,7,15,12,14,11,12,15,11,6,11,12,12,13,12,14,13,13,15,14,11,13,14,photos/placeholder.png,photos\Wolves.png
Wolves,Mario Lemina,9,9,13,11,12,8,12,12,10,14,9,14,12,14,13,15,12,11,10,15,14,13,12,12,13,13,15,13,13,15,13,13,14,15,16,photos/placeholder.png,photos\Wolves.png
Wolves,Matheus Cunha,12,12,17,15,15,13,11,14,5,14,13,6,16,16,11,15,12,6,8,16,17,11,12,5,9,11,13,15,15,14,12,15,12,13,12,photos/placeholder.png,photos\Wolves.png
Wolves,Pedro Neto,13,14,17,13,13,11,7,13,3,13,10,5,15,11,9,11,11,10,12,15,16,7,13,6,11,11,13,16,15,11,7,16,14,12,7,photos/placeholder.png,photos\Wolves.png
Wolves,Pablo Sarabia,15,15,15,15,17,15,7,13,5,15,13,6,17,10,13,11,14,13,14,9,15,8,15,8,15,16,14,14,16,15,6,14,12,13,10,photos/placeholder.png,photos\Wolves.png
Wolves,Nelson Semedo,8,12,14,9,15,8,7,10,11,12,8,14,15,13,14,13,9,10,11,15,14,6,15,12,14,12,15,16,16,14,8,16,15,15,13,photos/placeholder.png,photos\Wolves.png
Wolves,Toti,10,12,10,6,9,10,14,4,10,11,5,14,11,13,12,13,12,9,12,12,8,8,10,14,14,10,12,13,11,13,14,13,14,14,15,photos/placeholder.png,photos\Wolves.png
Wolves,Boubacar Traore,8,6,12,8,13,8,11,13,9,13,12,11,12,13,14,14,13,12,13,5,10,9,14,10,12,13,15,12,14,13,13,10,13,12,12,photos/placeholder.png,photos\Wolves.png
